id,name
0lgs2Sa82lyX89nBUWyUy6,FERXXOCALIPSIS
4f47mbk3DOWJ16DXLnviMw,Una Foto Remix (feat. Emilia)
4FftCsAcXXD1nFO9RFUNFO,nadie sabe lo que va a pasar mañana
3Fk8yQvPlCHgwR2pNhEIRA,Don Juan
3VLY9g3CAG1Y5r2eGVEaZ0,BELLAKEO
1ZVJTCW5rxpHKNgsNL91J2,LVEU: VIVE LA TUYA...NO LA MIA
0FqAaUEyKCyUNFE1uQPZ7i,MAÑANA SERÁ BONITO (BICHOTA SEASON)
5i9lMMUZ1QZNsLEE3j50kT,El Comienzo
21TAcmAXy0OY0U7B9LlwlY,"Sentimiento, Elegancia y Más Maldad"
07kam1Dks7GIucbSelfvyX,Columbia
7cAfD0HludcAifXAbcIR80,Un Finde | CROSSOVER #2
3puAvurwvtvi1rodndIPW8,LA VIDA ES UNA
4x6cjOcVz44aiLSOHCLKPd,Que Onda
3X0T1blaMiY2aev0wrbK1G,QUE NOS FALTE TODO
4s9iYsrtBIvkZn5AEbUbl0,House of Pleasure
7ubO2LZJZFpyhiWMZkRwcH,2000
4HB0tHV2edhM1QJXFYeKLy,Piel
7pijRxgRaBirPz6wDaJIp9,FELIZ CUMPLEAÑOS FERXXO TE PIRATEAMOS EL ÁLBUM
4jox3ip1I39DFC2B7R5qLH,GÉNESIS
6tPNZ9sIL1aQUooAlItmCB,Alucin
1kjfMVBNhsDeRyAu9zbLfF,OzuTochi
29AuXQGyOpvyLWCngpNbd0,Obsessed Pt. 2
0QLDQG7Jx78rEUDW03IhHC,MICRODOSIS
3T02174EN2zNYSyjb7Um1N,Bailando Conmigo
11UJfH39O0VqLiQGLW0D0e,EVERYBODY GO TO THE DISCOTEK
4Qy2tHdIc9D1mh2xSFduDH,FILTRO
1CoW3JLanCH9BjdttRNjIl,HOLA PERDIDA
6xRxlUUfg3M0QB1LUX89gA,DATA
65Pp2tO1Ul66KcCmmkRGWZ,Hola (Remix)
6kTizLfVRIbzMzT1tb7dex,Diles
76iE2t7UDAZLNkqHFuvWtQ,La Fórmula
5LbfmeWh5cvLpR1Nfvdch5,King Of Kings
2qSyMVTIKLArOx4GNcvutB,Exitos
2SMYRfGiwQyBgvkpCA2mJU,Timeless
5eklEkHSU1l3yewxdePzRL,The Bad Boy
6mGDfbDErYIJsmSewvccWm,Meet The Orphans
0o3uVUoqS0U8obVUObNwr8,Los Cotizados
369oPiSP9Y3CzTR6uWU4Da,Reggaeton Rulers: Los Que Ponen
4pLuE50wL9T26lSv42X0J2,Barrio Fino (Bonus Track Version)
6Q1kiSijkaHwoCwZUHW6IY,El Abayarde
3CgogddksNmKJrnAATIMFG,La Ocasión
3gvDroaxVajs2EDUABP3C7,La Melodia de la Calle (Remastered)
3bp5wUKcfBhrqCACidyPKa,Si Tu Novio Te Deja Sola
5MLBEmgDNIltSfxvXesq9s,El Fenomeno
5CckZmLqh8aJ74pGLZPmaN,Boy Wonder Presents Chosen Few Grandes Exitos
7CCfcuCn7J3dvHYziLI4T1,La Revolución - Evolution (International Version)
1wqojXZPs45MXFSPlqcVkh,"Wisin Vs Yandel ""Los Extraterrestres"""
0bXEsNAuMFPap5TjtUzvK8,"Cuatro Babys (feat. Trap Capos, Noriel, Bryant Myers & Juhn)"
6Wleak7A98DpzviDaqYrEX,Flow La Discoteca Special Edition
4ic94lYuJ37YBXfgsMDUWf,Farruko Presents Los Menores
1BBjdKgGAqwdEvcvqBOGfT,Now Or Never
35ejmbRlV32Qng9jGF34ve,Broke & Famous
26YeHRhZt1HHM0Ed9I9YFw,Showtime
2TBu0mCd9swbPWIzpSZgvf,Sobrenatural
3ssXQwFXNc3NBc8r2aMS9E,Te Pintaron Pajaritos
0T4sp7vn9arhvBUAda3foX,Yandel 150
08QB1puuJGgRx8N7Yn1twL,La Última Misión
5beJZJo0DqVaPVlA1cHwjj,MERCHO
3bVdhbdl1XxW7u7A0TffBB,Niña Bonita
156gxGFDxadwiIC3Bfwmj3,DONDE QUIERO ESTAR
7goOJ9hkBfNyuESHKmtGWu,Mas Rica Que Ayer
6tt4TtcglWQFVSI0AGUvEF,Corazón Roto (Remix)
6LOhj1aK7vkGHJXtKU16PN,La Jumpa
6DVg3IJPFr7JZDDXYcyPbU,Los del Espacio
2GS2h80Dp8rFdGEa0j0JhH,Gato de Noche
6xEYRYXMWfcC7xLOU10O3f,El Cielo
5AcRssiG0Zqu3lqYW7hMoM,SATURNO
4PNqWiJAfjj32hVvlchV5u,"Quevedo: Bzrp Music Sessions, Vol. 52"
6KBwgofbUBuXuFTuKmi9Js,Me Enteré
6BGN5CVd7koJApotl5Bj8u,3MEN2 KBRN
6FRoZB7Ppyz9EVph8nQoJX,Podemos Repetirlo
7weNe4OIBROOCcMEOMeNlS,Mami Chula
5dvomMEu2lIYM9p189RxIp,Ex-Special
6E7Awtyx6opYTbPXx6ApzB,PLAYA SATURNO
7JsvGZNqsoZlFOl41TKucq,FERXXO 151
6sU751LOdNBPvVErW1GunP,El Merengue
3N60ysBDxJsDwM5bpwqqwR,Muñecas
1O9NM8bAvDQwD5ZZDmoStC,MI EXXX
21HEULXdjdbOsXoR0ajBeB,COCO LOCO
2FRQH7JReYGUWXX86Pr6ag,Buenas
72GhGik5fsSeFkgpjsllVj,UN PREVIEW
2X6WyzpxY70eUn3lnewB7d,DATA
5gCcb5fsSb6w5K8SyJrgtB,WHERE SHE GOES
10C7yBcN3lezb79Dcznwad,Cuerpecito
3Mm1P5CEEAiuJqBclr2EyU,Ella Baila Sola
6t3uUCp5kGlcXKmSfDl3Ul,De Líder a Leyenda
7vyVMX83PJNulUZUgbKfuY,Don Omar Presents MTO2: New Generation
2zD0vIQjiaFbumnbjWC6WY,Dangerous
6lEJcXTGwEF6HHkdyA00iR,Una Cita (Remix)
4mLZPjMTdg2Io0fOYuJ1Ch,Big Yamo o Nada
2ucmNNr2Y9ZI7fP4oAMdIj,Sola (Remix)
22lEQJ7khtB2yvsq84FDQb,Motivan2
30Mx3Jz0HsGItYSrc1bHaw,Más Lunáticos
0vfE72mb2weKSONtBC6SPJ,Desconocidos
287ZdmXv5M5YH5xxdGLhbY,Sensualidad
5kpilAKnaFNV2DX5ewD7x7,Dembow
2Sjpwi9v5NttSeZFDvZzYf,Besándote
4RrvIEhnaHKpFxsjXc4D7d,Me Rehúso
5QcyFFfTjCqvhVUO9Dl8pf,De Fiesta
04NPh9S2gPzYveqlJYQ0V8,Love and Sex
6BMQRp3DPyat7H0flaMQzJ,Imaginándote (feat. Daddy Yankee)
2OXA9F38QjSRPUsG2f0TZF,Cumbia Pop
5TXzXK8XclNSvQccVUiCf2,Si Me Tomo una Cerveza
5h6GCVe6hkOkaG12TVrzr2,Bronceado (Remix)
1IwuM5jEXE9v58NVKUyrwk,Inocente
3HZYz8zwaylv9XeIIlLzAX,Agapornis - Volando Con Ritmo
31O1cXWZUf4yRC28MwJ1wb,Linda (Remix)
3cz9fxBXppuImbufikGk2D,#Tocoparavos
45J24eNEQUEY3GNo44xgkw,De Bailadeta
0yLhNN1wvArT1xOU9Y8s4S,Todo Comenzó Bailando
6JJ8pGKXBqfuDeYTyEl1kG,Cumbia Baby!
5YQYegKc5aoF6xNnGwVU2v,The Perfect Melody
5jpQWN1yr0LVt6ksILGFIP,ROZE | DJ TAO Turreo Sessions #22
16ScBmKm5WA3RwvTqiQlJd,"MOR, No Le Temas a La Oscuridad"
6SYw3rAydzGLLZd0lIyO5o,ERROR 403
77aeZo4yYPoMsnnRtPPpuk,No Te Enamores (Remix)
1KZhXDKFTClAFlSILyvmsi,Ya tu sabes quienes son
0Qmm9t1FV6uOuNgm6CwhXp,Flasheaste Amor RMX
2PnTfdBKqkOYtazDgtClqX,Cuando Se Pone a Bailar
6S1YyhsGOkQZSwBJCevlfv,POLARIS (Remix)
3S3QVRXr0QxDc6bg5w4DbN,Pa’ la Selección
0kI46dzlikgAVpJ6LdkbJE,INTER SHIBUYA (FERXXO EDITION)
2D5urBuawvNIrKdxO0X1pe,RÁPIDO
7b3PrkHcWx17AQwlI2M1Uc,PARAÍSO
6THmfCPSaDteWMmFRyAbJe,Tiempo Perdido
3SPDYewQ7iwqYuLVoDOTQl,7 Lágrimas (Remix)
55uno9tUFr9N5Gq5Rnzfwd,El Amante (feat. Ozuna & Bad Bunny) [Remix]
5OcKxyDWYS79sTDOXhv97n,"Bailame Despacio Remix (Feat. Dynell, Piso 21, Shadow Blow)"
5mG7RptOZno8N5iuCezmbz,Mi Error (Remix)
42D6fdFJ4SLnh4jXZJrsNa,Holanda
1YJjyV8YutIhzL4MWAB1LY,Mala Costumbre
3bWLuEAyZz4VeV2RINaKY0,Mi Noche
2BrbrEMfRYAMmNPprw4Jey,Ni Una Ni Dos
3C5J06yXt1FVDT5AmLPWU6,King of the Flow
3fJhLksMkgbINiakkY4o6j,Como Tu No Hay Dos
0cYaWyKgFJQRM8LV6RdNeB,Versatilidad & Vivencias (Deluxe Edition)
0BfSiRWo0RiAGhKowhcrxn,Adiós Amor / Oye Mujer
7kNdveFXAKstJ8iNMrwq4Z,Pobre Corazón (En Vivo)
5bF1CFdbRtYvsCbVro137h,Costumbres (Vivo)
0BmRinej1BC9Dk6AmpY6ND,Si No Te Tengo / Ángel / Aquello Que Pasó
6GrWXTqUu5ACouByzTMNiq,El Chisme
5i8WdrKnzvMbujuJhkcFQn,AUTOMÁTICO
3iggaiQChBAIIfQP8ZH2bR,M.A (Remix)
5OT9JgUd8WVWBJgYog7a82,En La Intimidad | CROSSOVER #1
3xtMlD79fXUjZ92e1c4TnX,King Daddy
4kk9vyGNaye8S9Oi3o8MM3,Travesuras (Remix)
29RDinslKobc2UKf1XcWn6,Si Te La Encuentras Por Ahí
1lwLGfbG3i8IIe8k92yv58,Dos Besitos
0LmZsaUKBzNRmVt9vC4Rv3,Butakera
6FKqbKsNvN2hT8vXdT0N02,Tu Turrito
3iB7L3jdv63EAi4TnI59cz,LA JOAQUI | Mission 08
2jt6z03JV7Ax8ZdlOrs9BK,cómo dormiste?
5lJqux7orBlA1QzyiBGti1,YHLQMDLG
3RQQmkQEvNCY4prGKE6oc5,Un Verano Sin Ti
4vJcqwIGUuk5TeP29OPovU,LOKERA
046Eyq94B09gkJ8ISXxzt8,El Incomprendido
2Mlyp5GSTI9XzBX7DrBuVn,"Tiago PZK: Bzrp Music Sessions, Vol. 48"
1TpGeAzOJgAGdPkcWl95r2,La Bachata
3rlJCPz7s7bTifG57wjFpt,LEGENDADDY
4MCZWUKxkvdMITh4KapBKX,Volando (Remix)
464FQ8gr0oKlQ1a0TCK4Yj,Amanece
5mTPkLSMfQdLrb4DOXDQDh,Te Busco
6A6eSLDcS2r7qT9ZFYSJlL,El Príncipe [Ghost Edition]
0UEG3km1FB7nGZHwiSun8x,KrING
12yPsAPzZ5584HxpItKBUn,Tu No Vive Asi (feat. Mambo Kingz & DJ Luian)
77HpsjuhHrcZhIp0PyiROw,Una Noche en Medellín
17HsiXfqKUPoTP6Y5ebs1L,"Fórmula, Vol. 2 (Deluxe Edition)"
6FVaqUBQlhPrGoLCllQk4y,Ven Bailalo (Reggaeton Mix)
03Sa02WIHEwH8lHfbipmrz,K.O.B. Live
4aaDxJmUbZuIsBHSRclIre,Ahora Dice
4vOvr0tdZWoIGjnHe9jLqz,The Last Don
4yE7L5RhMkjX7KkweWjFYk,Me Acostumbre (feat. Bad Bunny)
57mWSm5UtRGT08KeJuyZqu,The Last Don II
3dCEXNx36W29EYCMUAx5p5,God's Project
303q7Gwd1npoNdMFtoAe9s,Los Que Gustan
3jdYDg5KQ9d8uBGleBlGYY,"Sentimiento, Elegancia Y Maldad"
6FwmC2DvXlzz23X8nAWMbN,El Cartel: The Big Boss
7CpmPDrPfeDnR4ykfM7OYE,Masterpiece: Nuestra Obra Maestra
214muZYoc3ewXMXGwQBFVU,El Patrón (La Victoria)
46xbsFOp9g1WqTidQEs7YT,Épico
3tc9WifLZvWKnoWzLPmaeO,A Mí
17GlBsRcuYd1H3yTT9Wwva,La Reunión
4vIw5XspQuPt04VHX5oK5W,Visperas De Carnaval
57tmzh0hsnWU8znnvEWJbe,The Last
2VcnobeKvV4FPuENazZozO,Guatauba XXX
0VLl6NV05DjwNE2lZFdCEI,CÓMO SE SIENTE (Remix)
5NXNrP5J2LhfkbI9ZfcNXI,Jordan
5HfLVrLABowoW9EoCavQld,Asesina
11GmvpYnbgK0rSryPaV5BP,JOSE
2a2LGFK2TeN4fAKm1ZOc1I,Famouz
4cGc9Eeb3Gjff2Aq5ILLEf,Energía
4GMkQYncdGgsXtXxquk2An,Reggaeton Viejo
3F41BssbVvfFnh6DdDODeO,Meet The Orphans
0mfiGkVJST0ysEVznu2aZP,Pa'l Mundo
4Ryvj739gs3zPL5ThP2XEV,Mas Flow - Los Benjamins
2rNUIqPFIbq5bSH46jHUZy,Barrio Fino En Directo
0VKEkSWbmAyBEVuvlhMmas,Reggaeton Hits Factory
4fD9eyaOEHs7L0nBXeLtT3,Now Latino 2
6CqWsUd484u7T1xQzQGBYy,Reggaeton Hitmakers Tropical Blend
7txBx0XCrl5IhJuTNgNV4w,12 Discipulos
2aItcV9jj0LvaluaDFTLqF,Motivando a la Yal
5i2HhIrYyMNQvmsBk9h8Im,Barrio Fino (Bonus Track Version)
5pmuwmV2OcuiTX7kNczQ16,Calle 13 (Explicit Version)
48wI14nV89YQ52h0tDrENQ,Yo Quiero Bailar
0LHnOx2oLegPCawcuxRF7j,La Historia De El Dúo (Vol.1)
5fn6sCofBYgRn6OICMeDvr,Talento de Barrio
4NGXJ1L18IjOD3H9tLV9Lk,Frikitona
7JeWY0pvC27pCgn5eiSeV6,Talento de Barrio
76N6imyjQ9h5p2NzakHT32,M.I.A.M.I.
7dhQWDiTlbp3Np8sdLMY3R,Desde Abajo
3PomvFR694SrCSZzDWMWV7,"Pretty Boy, Dirty Boy"
5sEpXan86hEcM8eZSAoWhw,Platonicos
6ylFfzx32ICw4L1A7YWNLN,OASIS
1JCOUDiJmrVr6YmzLXMHkO,Ay Mi Dios
41rlAaHfREFibaYl9ZfLbN,Tanta Falta
6C8ObcezFoorqPgY2J320r,El Efecto
7gnUxSrGT4npGYuFXwQTO4,Solo
0qJkFmVwwNXP6fvSemDZqn,Homerun
3bncOq9bM24eCefxlJvrtK,LOST
0sGGdQF7f03jwgaD9qhtUQ,Ubuntu
0SukGZiXMtmsZoxstkBtNR,Aura
3HWlgRjxW0H7fWm1n2LBbE,Cupido
3pHFjWCK7d5YLtEuFwfR5N,54+1
2qo8j9yZIsx66yDuUho2jp,.mp3
3kuFkR32n0p4DEQ9LOXnmU,Fuego en la Noche
2gdXeh9icSTRQp71pxmTP6,Bésame
42ZO19JImkKWh6y7rfvrfM,She Don't Give a Fo
7c3cZS4ScoPCEmtZFIPqLF,ENR
57ppCWTeAnqooyrR4DzbwR,911 (Remix)
1faqBAWocW4ZOe0OFjudGw,The Academy
6stPNzjz40FWTiwlOR98Lp,Climaxxx
7JtT7OyWM8BnIS5FXXPMKg,Emmanuel
2WA4eZXER4ZLTBftVKvrnO,Eternity
0GkI5Xq0n0McicAumkuGyb,"Cayó La Noche (feat. Cruz Cafuné, Abhir Hathi, Bejo, EL IMA) [Remix]"
5r8T7S23cVDSd7a045h4N5,Primer Dia de Clases
01eo94qU3vhVzEsgAjMLz2,El Señorazo (En Vivo)
3tAW0n99Uq2IlvzBsW3tQq,#Update
7ln5J3GjNk2B6YSbO8IGUG,El Amor de Mi Vida
0RjxDLuy3YP0zLuo8VB0JX,BUBALU
52te2AyrVAYPc04onR1Lfy,COSAS QUE NO TE DIJE
3ryXum3u0sEV2f6oBHXI22,Ayer Me Llamó Mi Ex
3uwIRMTeueP92bS46L6d7q,Dónde Estás
4uCvvmrzsCEyLDbBJ1pYww,"KHEA: Bzrp Music Sessions, Vol. 34"
38DYAL9bTbpSQpZwENwj78,Además de Mí (Remix)
6kbhZqFlf80O9LW2EAWz15,Qué Onda Perdida
5KKcchRuyjfuLkecyRJcWx,Portales
3DxqnLZyD3wBfxdg7FnkPY,Enchule
5LSqEb2yiUoWM91rUnvDjS,"Azukita (Steve Aoki, Daddy Yankee, Play-N-Skillz & Elvis Crespo) (feat. Elvis Crespo)"
4kS7bSuU0Jm9LYMosFU2x5,MAÑANA SERÁ BONITO
1vw6eLxCJRAfD6RMJTiuKZ,SABOR FRESA
7ot6ebVthlYG3wXzLaZ5NF,SI SABE
7n9GeVtUUEc619yiyhT9AR,Lollipop (Remix)
0SoJvPHbKVhvmVJOp3kzp3,ESTRELLA
7ushCUbR1asPHeuxA5Dq8N,PUNTO G
2ScGgvceSV8y2Cx4nPPjYP,No Te Quieren Conmigo
7d2q5cmU01iy4lToXvQ1qB,Mojando Asientos (feat. Feid)
6ScNKLKYY6rpgCIJThLnMH,"L-Gante: Bzrp Music Sessions, Vol. 38"
7g5WqPI4CdA22Cy8LxRXCf,Los Legendarios 001
5QK2JiVGO67uLi0vqi9Wg6,Numero 1
4XiHCUNnGgnnN5xkGue4RF,Se Te Nota (with Guaynaa)
69iuPQsXel3luOSDNF0q2Q,ENOC
31L7J7AO993tSBxAunoeoa,SIXDO
1cGXuAtoUe4xzxRHhvxkyW,Pantysito
1f2q2JQ3GFwIrWch2JLC0u,MAÑANA SERÁ BONITO (BICHOTA SEASON)
50SdnzlrXUMadt9JYeaJSh,Hecho En Medellín
3w1Tr9F91XMcsmBJQ8hS7H,Desesperados
0SXW8l00nztnoYkGT7BjJh,Los Cachos
5ihYKNgcOMifCJmcGp7CkW,VISTA AL MAR
1XWOwAxb9awdotZSHQnAMH,Ella (Remix)
4u2A6aHOyCOyG6yiCFM7rU,Ella
1sJZNDmkSG1pOgMydQipE1,La Musica Del Futuro Reloaded (Chosen Few Edition)
53ul5SFjVUQCotbJhjCkkK,Qué Más Pues?
2d9BCZeAAhiZWPpbX9aPCW,EL ÚLTIMO TOUR DEL MUNDO
27Exjl2H0oI6X0WCzZd7Bk,Solita
4b2xHCwmoOeGHbo15dtqfb,"Eladio Carrion: Bzrp Music Sessions, Vol. 40"
5EuK2rW0iPINmt21KPbIUQ,Loca Remix
7nqA49hzXJWPH4cnM8nk6x,Adicto (with Anuel AA & Ozuna)
54lqxBRUg66EYNyqKSKU5C,Rojo
5ka8beHlVQAFdRm6IaZ9JQ,+Linda
2mX8ktJoWvyidWBU9U8Jis,Colores
41Ji5KmFdqEGcLH8Yi7RVh,Toda (Remix)
5Fqdd85mAoGDp0K9lmbPDp,La Familia
7v95vtyP4yh88N5fx5rYdB,Sigue Bailandome
75Y4sJ1vwZfEivbsKPzAx6,Si Se da Remix
6KL1vHSZ0XfmL2NJF5iFE1,Me Reclama
5Db8gqfsfw0tcuACuLFzpR,FEEL ME??
5ccfQbQo3Z5G4p1Pi49jpD,Ahora y Siempre
1gH4rdxJyj8q8fakRAvQHg,30 Grados
4cEu5VC6QCq4NGYTNvwNCR,Entre Nosotros
0CzV3HI7g08eTofa53ewRP,Pininfarina (Remix)
262bymaji1sJPAldR7YyaH,Marisola (Remix)
7LP6bUlMdnuqeP2etuw7wI,TINI TINI TINI
10O0BuUEtx9Rs3S9pgUBKd,QUE ME FALTE TODO
2Tuphpb4jfXRwFYTxGXCSs,Ya No Vuelvas (Versión Cuarteto)
30KJEN3ICjhYsZ1NgunRCr,La Víctima
3zu0hJJew2qXZNlselIQk8,Pa las Baby's Y Belikeada
5nzTg7XAPNrQlj9EQyBVgX,OHH BABY
34zRh1AFk8bibU6vYfZ1kD,TRANKY FUNKY
4n6BNKtpmZOYUyfecMzzpZ,TU DUO FAVORITO
3oqNx43mmo2oRt7nkIwJKK,Netflixxx
5aPphlcyYDCyKddSFOWJpe,"No Me Conocen (Remix) (Con Duki, Rei & Tiago Pzk)"
352LsCq8zYNN4ox0rKeM6t,"Asan: Bzrp Music Session, Vol. 35"
6YpCug9vNZz4uvlmlU7cet,OA
5p1Ibt3enlZjqqQxvpRZsM,INTERESTELAR
6nQnNie5sdURxPiMW9cp0Y,Bellas Artes Malas Vidas
2ItWF0mUyOYDDPYkTgpiVz,Trapicheo (Mixtape)
6anO6Uh11TivGpTI56aKCH,Temporada de Reggaetón 2
3AcVzsASKm4nlo7rLHgm3D,Contacto Cero
74Ci28bLZ6dodLKbRnX4rt,Voy A Desaparecer
6rkhVb5zrsbR24Rpno9kHq,"BESAME (feat. Tiago PZK, Khea & Neo Pistea) [Remix]"
7BgcHmgYP3sp0AAYLKyc0s,Bésame
3nQGCvu3u3cK8wVMudIdeV,Blood (Remix)
1adrM169dtUitpsQomXsX3,Mentiras | CROSSOVER #3
