id,playlist_id,artist_id,album_id,name
7bywjHOc0wSjGGbj04XbVi,0kvRpuJ0AHo3oHZ4gMzm9F,2LRoIwlKmHjgvigdNGBHNo,0lgs2Sa82lyX89nBUWyUy6,LUNA
1kqH58eGh2ZTOHwqBIB2tM,0kvRpuJ0AHo3oHZ4gMzm9F,2IKdK6PbitvCiXt1t2bPU6,4f47mbk3DOWJ16DXLnviMw,Una Foto Remix (feat. Emilia)
7iQXYTyuG13aoeHxGG28Nh,0kvRpuJ0AHo3oHZ4gMzm9F,4q3ewBCX7sLwd24euuV69X,4FftCsAcXXD1nFO9RFUNFO,PERRO NEGRO
4bw8mcDUSRWfQo63ZTYRnU,0kvRpuJ0AHo3oHZ4gMzm9F,1r4hJ1h58CWwUQe3MxPuau,3Fk8yQvPlCHgwR2pNhEIRA,Según Quién
05WVKTdZhlIMX4qqMLuo0f,0kvRpuJ0AHo3oHZ4gMzm9F,12GqGscKJx3aE4t07u7eVZ,3VLY9g3CAG1Y5r2eGVEaZ0,BELLAKEO
7iUtQNMRB8ZkKC4AmEuCJC,0kvRpuJ0AHo3oHZ4gMzm9F,7iK8PXO48WeuP03g8YR51W,1ZVJTCW5rxpHKNgsNL91J2,LA FALDA
5RqSsdzTNPX1uzkmlHCFvK,0kvRpuJ0AHo3oHZ4gMzm9F,790FomKkXshlbRYZFtlgla,0FqAaUEyKCyUNFE1uQPZ7i,QLONA
11PV8CaPqlto9Uejx92C35,0kvRpuJ0AHo3oHZ4gMzm9F,6XkjpgcEsYab502Vr1bBeW,5i9lMMUZ1QZNsLEE3j50kT,OJITOS ROJOS
32hCeeK3ayPux4UauNPsgA,0kvRpuJ0AHo3oHZ4gMzm9F,4SsVbpTthjScTS7U2hmr1X,21TAcmAXy0OY0U7B9LlwlY,ALV
6XbtvPmIpyCbjuT0e8cQtp,0kvRpuJ0AHo3oHZ4gMzm9F,52iwsT98xCoGgiGntTiR7K,07kam1Dks7GIucbSelfvyX,Columbia
3tiJUOfAEqIrLFRQgGgdoY,0kvRpuJ0AHo3oHZ4gMzm9F,2OhUNb01gLwygOizYvTm0e,7cAfD0HludcAifXAbcIR80,Un Finde | CROSSOVER #2
7ABLbnD53cQK00mhcaOUVG,0kvRpuJ0AHo3oHZ4gMzm9F,7iK8PXO48WeuP03g8YR51W,3puAvurwvtvi1rodndIPW8,LALA
2yzshFeBIwH8tWIqHEFLeD,0kvRpuJ0AHo3oHZ4gMzm9F,6XkjpgcEsYab502Vr1bBeW,5i9lMMUZ1QZNsLEE3j50kT,un x100to
0O3U5iwTbiXCREMkvotJuN,0kvRpuJ0AHo3oHZ4gMzm9F,6XkjpgcEsYab502Vr1bBeW,5i9lMMUZ1QZNsLEE3j50kT,EL AMOR DE SU VIDA
6uIIdjYTxxpWOyWuVXrKQO,0kvRpuJ0AHo3oHZ4gMzm9F,6dLuQ5qXxIuWc5urxfIiZR,4x6cjOcVz44aiLSOHCLKPd,Que Onda
6vRQqxOhUFd78p5tL8jXr7,0kvRpuJ0AHo3oHZ4gMzm9F,4kcQWQDK0u9AftVSpdrAgk,3X0T1blaMiY2aev0wrbK1G,La Morocha
3KZCP2StVGdWkOKyRZNWA4,0kvRpuJ0AHo3oHZ4gMzm9F,2jSGzJw0ebJLu7OLVSOcBP,4s9iYsrtBIvkZn5AEbUbl0,Es un Secreto
3tt9i3Hhzq84dPS8H7iSiJ,0kvRpuJ0AHo3oHZ4gMzm9F,0tmwSHipWxN12fsoLcFU3B,7ubO2LZJZFpyhiWMZkRwcH,La Bachata
4wS0TnQzVkY9ML1BPKpOk1,0kvRpuJ0AHo3oHZ4gMzm9F,5Y3MV9DZ0d87NnVm56qSY1,4HB0tHV2edhM1QJXFYeKLy,Piel
1hZsWUnLbqRw09jLAMQSsb,0kvRpuJ0AHo3oHZ4gMzm9F,2LRoIwlKmHjgvigdNGBHNo,0lgs2Sa82lyX89nBUWyUy6,CLASSY 101
2CeKVsFFXG4QzA415QygGb,0kvRpuJ0AHo3oHZ4gMzm9F,2LRoIwlKmHjgvigdNGBHNo,7pijRxgRaBirPz6wDaJIp9,Feliz Cumpleaños Ferxxo
7bPp2NmpmyhLJ7zWazAXMu,0kvRpuJ0AHo3oHZ4gMzm9F,12GqGscKJx3aE4t07u7eVZ,4jox3ip1I39DFC2B7R5qLH,TULUM
49Zc3sEJHADPoVDM4jNKgs,0kvRpuJ0AHo3oHZ4gMzm9F,6XkjpgcEsYab502Vr1bBeW,5i9lMMUZ1QZNsLEE3j50kT,DE LUNES A LUNES
6ED7qim1NAX1HjNU8039WS,0kvRpuJ0AHo3oHZ4gMzm9F,5HeN1Iza4nZe03sFlonddz,6tPNZ9sIL1aQUooAlItmCB,Alucin
1zsPaEkglFvxjAhrM8yhpr,0kvRpuJ0AHo3oHZ4gMzm9F,1i8SpTcr7yvPOmcqrbnVXY,1kjfMVBNhsDeRyAu9zbLfF,Hey Mor
5HR7yfhSCeoOHRQN05XnZQ,0kvRpuJ0AHo3oHZ4gMzm9F,6XkjpgcEsYab502Vr1bBeW,5i9lMMUZ1QZNsLEE3j50kT,QUE VUELVAS
7BVMtLpd7edHeOizt4RWz9,0kvRpuJ0AHo3oHZ4gMzm9F,51ZSh80McCt7vbqHouzW0A,29AuXQGyOpvyLWCngpNbd0,Frágil
5jt25aFjW2kNoBqaEVaz5W,0kvRpuJ0AHo3oHZ4gMzm9F,0Q8NcsJwoCbZOHHW63su5S,0QLDQG7Jx78rEUDW03IhHC,LA INOCENTE
0u6JsFiEEXb6kaF0oqyeFi,0kvRpuJ0AHo3oHZ4gMzm9F,4kcQWQDK0u9AftVSpdrAgk,3X0T1blaMiY2aev0wrbK1G,Ya No Vuelvas (Versión Cuarteto)
50oP4ToVfNdIQTDHr4dTyC,0kvRpuJ0AHo3oHZ4gMzm9F,5JMJt80HJWR1e4hMw63Z5t,3T02174EN2zNYSyjb7Um1N,Bailando Conmigo
3cDyocF0Ibdfs1SFQk5cLZ,0kvRpuJ0AHo3oHZ4gMzm9F,1TtXnWcUs0FCkaZDPGYHdf,11UJfH39O0VqLiQGLW0D0e,Lollipop
0SAGpMJQz3XdfRFdwuSX9b,0kvRpuJ0AHo3oHZ4gMzm9F,0OTHm6AFLxgeTm0gHNOuWi,4Qy2tHdIc9D1mh2xSFduDH,FILTRO
10eRgZUM59q2G5ogpztSeL,0kvRpuJ0AHo3oHZ4gMzm9F,4kcQWQDK0u9AftVSpdrAgk,1CoW3JLanCH9BjdttRNjIl,HOLA PERDIDA
4eMKD8MRroxCqugpsxCCNb,0kvRpuJ0AHo3oHZ4gMzm9F,0GM7qgcRCORpGnfcN2tCiB,6xRxlUUfg3M0QB1LUX89gA,MOJABI GHOST
5stPVcRqb4qixbafP9e8lt,0kvRpuJ0AHo3oHZ4gMzm9F,0KPX4Ucy9dk82uj4GpKesn,65Pp2tO1Ul66KcCmmkRGWZ,Hola - Remix
6C1RD7YQVvt3YQj0CmuTeu,0kvRpuJ0AHo3oHZ4gMzm9F,4q3ewBCX7sLwd24euuV69X,6kTizLfVRIbzMzT1tb7dex,Diles
6NdKkfo7o6IH1Op0jsBDjN,0kvRpuJ0AHo3oHZ4gMzm9F,2jSGzJw0ebJLu7OLVSOcBP,4s9iYsrtBIvkZn5AEbUbl0,Si No Le Contesto
6URNgz911jj10KXTFtevcS,0kvRpuJ0AHo3oHZ4gMzm9F,2jSGzJw0ebJLu7OLVSOcBP,4s9iYsrtBIvkZn5AEbUbl0,Por Que Te Demoras?
0AAl3LtvIhEilWXZmYHeh5,0kvRpuJ0AHo3oHZ4gMzm9F,1pgDilWYDWLoOgGjf1iHNu,76iE2t7UDAZLNkqHFuvWtQ,More
4f49sFQko7jHLEFd3tCf5p,0kvRpuJ0AHo3oHZ4gMzm9F,33ScadVnbm2X8kkUqOkC6Z,5LbfmeWh5cvLpR1Nfvdch5,Ojitos Chiquitos
2Eg6dOam7cAe5turf2bnCg,0kvRpuJ0AHo3oHZ4gMzm9F,1SupJlEpv7RS2tPNRaHViT,2qSyMVTIKLArOx4GNcvutB,En La Cama (feat. Daddy Yankee)
2Ob4mHihtOGbx6jnCredFX,0kvRpuJ0AHo3oHZ4gMzm9F,6XFITTl7cFTdopDY3lUdlY,2SMYRfGiwQyBgvkpCA2mJU,La Pregunta
614NVFo5csQqRnryl4jXs2,0kvRpuJ0AHo3oHZ4gMzm9F,2TjgzYcbTdsZjbT9OItIeB,5eklEkHSU1l3yewxdePzRL,El Telefono
0BenZn1xELuxhb7Pjwyjxv,0kvRpuJ0AHo3oHZ4gMzm9F,33ScadVnbm2X8kkUqOkC6Z,6mGDfbDErYIJsmSewvccWm,Hooka
1o6DL0otgQMsUebziSC7kA,0kvRpuJ0AHo3oHZ4gMzm9F,3IEvQoAohcGX7CdrbtIle7,0o3uVUoqS0U8obVUObNwr8,Me Niegas
5clFSlfkCRlhnH1cAQjSBi,0kvRpuJ0AHo3oHZ4gMzm9F,3EiLUeyEcA6fbRPSHkG5kb,369oPiSP9Y3CzTR6uWU4Da,Sensacion Del Bloque
2FNqnsX74ZlwduUAcnmzee,0kvRpuJ0AHo3oHZ4gMzm9F,4VMYDCV2IEDYJArk749S6m,4pLuE50wL9T26lSv42X0J2,Tu Príncipe
5YJ4BVvTFmVCxUyhKejHfR,0kvRpuJ0AHo3oHZ4gMzm9F,3SUT1jjM5hzZj9TLfLZGIP,6Q1kiSijkaHwoCwZUHW6IY,Pa' Que Retozen
20pJKlNIU3J1CrvhBr1kQ8,0kvRpuJ0AHo3oHZ4gMzm9F,64aJYyrXljOodnUG6jvhRD,3CgogddksNmKJrnAATIMFG,La Ocasión
2ItA7kOg5NH6AygzU30sEv,0kvRpuJ0AHo3oHZ4gMzm9F,3LKXWvXFWrkwUzJWxzwVpW,3gvDroaxVajs2EDUABP3C7,Solos (feat. Plan B)
2joKSGkqac0LIwYG9Ghrwq,0kvRpuJ0AHo3oHZ4gMzm9F,1vyhD5VmyZ7KMfW5gqLgo5,3bp5wUKcfBhrqCACidyPKa,Si Tu Novio Te Deja Sola
1pLCpA1RN8avJxSD3ZCwhj,0kvRpuJ0AHo3oHZ4gMzm9F,4SsVbpTthjScTS7U2hmr1X,5MLBEmgDNIltSfxvXesq9s,Pa' Que La Pases Bien
57zpFPybSWc4aNwDHV0kBo,0kvRpuJ0AHo3oHZ4gMzm9F,5fJsY7afrbsyzJj9wdzJMh,5CckZmLqh8aJ74pGLZPmaN,Siente El Boom
0cpzO8YjhyR8JfLzfm5cOr,0kvRpuJ0AHo3oHZ4gMzm9F,1wZtkThiXbVNtj6hee6dz9,7CCfcuCn7J3dvHYziLI4T1,Besos Mojados
15wPtgg6jsyMLhIkjcSpl4,0kvRpuJ0AHo3oHZ4gMzm9F,1wZtkThiXbVNtj6hee6dz9,1wqojXZPs45MXFSPlqcVkh,Ahora Es
1Kgyx7NLtzsa3gWV1efGHu,0kvRpuJ0AHo3oHZ4gMzm9F,1wZtkThiXbVNtj6hee6dz9,1wqojXZPs45MXFSPlqcVkh,Sexy Movimiento
0JoHqmlqE0W0i9prt6kcHR,0kvRpuJ0AHo3oHZ4gMzm9F,1r4hJ1h58CWwUQe3MxPuau,0bXEsNAuMFPap5TjtUzvK8,"Cuatro Babys (feat. Trap Capos, Noriel, Bryant Myers & Juhn)"
4BLIFDDhS6zByPJrjIK3jR,0kvRpuJ0AHo3oHZ4gMzm9F,2ydZrTy8U3kOMOzx20s3dg,6Wleak7A98DpzviDaqYrEX,Noche de Travesura
5Ps2ZqATo5drFSEHtpp8lt,0kvRpuJ0AHo3oHZ4gMzm9F,2jSGzJw0ebJLu7OLVSOcBP,5CckZmLqh8aJ74pGLZPmaN,Freakytona
2QAwkI8L0UVBpjHJ6PwBzn,0kvRpuJ0AHo3oHZ4gMzm9F,329e4yvIujISKGKz1BZZbO,4ic94lYuJ37YBXfgsMDUWf,Passion Whine
7meQTf97i7gyAzeHTLIytv,0kvRpuJ0AHo3oHZ4gMzm9F,5hdhHgpxyniooUiQVaPxQ0,1BBjdKgGAqwdEvcvqBOGfT,Mírame - Remix
1MfqPCs3Y722VK6zkWZ98Z,0kvRpuJ0AHo3oHZ4gMzm9F,1ykothWH0xl8drRyJWuw7I,35ejmbRlV32Qng9jGF34ve,Pasarela
2Jz1X6ZB0gkkCVgmeVGVGp,0kvRpuJ0AHo3oHZ4gMzm9F,7npqy7rgdX2D3yfVyWExKo,26YeHRhZt1HHM0Ed9I9YFw,Na De Na
0tDSgSmZsbxCkdkfUPjg59,0kvRpuJ0AHo3oHZ4gMzm9F,7tU1VKOuxiNZwBZC6RHidA,2TBu0mCd9swbPWIzpSZgvf,5 Letras
4eDjNcAyIuJFhQ31Fvvoc1,0kvRpuJ0AHo3oHZ4gMzm9F,6XFITTl7cFTdopDY3lUdlY,2SMYRfGiwQyBgvkpCA2mJU,"Sexo, Sudor y Calor"
4jY5SnGbpH6FdGCqVbhOD4,0kvRpuJ0AHo3oHZ4gMzm9F,3ptY5WTxu77JpAQQnHyxEl,3ssXQwFXNc3NBc8r2aMS9E,Te Pintaron Pajaritos
2oiixB9QMIzhWaHGVlQx4g,0kvRpuJ0AHo3oHZ4gMzm9F,0eHQ9o50hj6ZDNBt6Ys1sD,0T4sp7vn9arhvBUAda3foX,Yandel 150
6OzUIp8KjuwxJnCWkXp1uL,0kvRpuJ0AHo3oHZ4gMzm9F,1wZtkThiXbVNtj6hee6dz9,08QB1puuJGgRx8N7Yn1twL,Besos Moja2
1DxEbt6OSbrkRthk6pjZue,0kvRpuJ0AHo3oHZ4gMzm9F,0niAkxgT6y57bRbT0Ge94z,5beJZJo0DqVaPVlA1cHwjj,MERCHO
3Gs7mVfWKl567mjozgxmXv,0kvRpuJ0AHo3oHZ4gMzm9F,2LRoIwlKmHjgvigdNGBHNo,3bVdhbdl1XxW7u7A0TffBB,Niña Bonita
0Iozrbed8spxoBnmtBMshO,0kvRpuJ0AHo3oHZ4gMzm9F,52iwsT98xCoGgiGntTiR7K,156gxGFDxadwiIC3Bfwmj3,WANDA
3XjvMZqm2AQ8thMCD6w9w2,0kvRpuJ0AHo3oHZ4gMzm9F,2R21vXR83lH98kGeO99Y66,7goOJ9hkBfNyuESHKmtGWu,Mas Rica Que Ayer
6k5wiT5l9DK8iZmhvEvoqo,0kvRpuJ0AHo3oHZ4gMzm9F,1GKIlPFdcewHtpDVCQ8zmJ,6tt4TtcglWQFVSI0AGUvEF,Corazón Roto - Remix
5MxFWjuqQIsbNWbMdMdbli,0kvRpuJ0AHo3oHZ4gMzm9F,4SsVbpTthjScTS7U2hmr1X,6LOhj1aK7vkGHJXtKU16PN,La Jumpa
1Hs1uUl8o2VtDp1DABFq0O,0kvRpuJ0AHo3oHZ4gMzm9F,1vqR17Iv8VFdzure1TAXEq,6DVg3IJPFr7JZDDXYcyPbU,Los del Espacio
54ELExv56KCAB4UP9cOCzC,0kvRpuJ0AHo3oHZ4gMzm9F,12vb80Km0Ew53ABfJOepVz,2GS2h80Dp8rFdGEa0j0JhH,Gato de Noche
4PA1wK0leCjmRZlP5dQ8Lv,0kvRpuJ0AHo3oHZ4gMzm9F,51XrH5fQP2oIQynuKxSWcW,6xEYRYXMWfcC7xLOU10O3f,El Cielo
5S8i9p2xS8M8pFqfZMbMzI,0kvRpuJ0AHo3oHZ4gMzm9F,1mcTU81TzQhprhouKaTkpq,5AcRssiG0Zqu3lqYW7hMoM,RON COLA
2tTmW7RDtMQtBk7m2rYeSw,0kvRpuJ0AHo3oHZ4gMzm9F,716NhGYqD1jl2wI1Qkgq36,4PNqWiJAfjj32hVvlchV5u,"Quevedo: Bzrp Music Sessions, Vol. 52"
5FWQLEX0lavdxiWGBNkBQ4,0kvRpuJ0AHo3oHZ4gMzm9F,5Y3MV9DZ0d87NnVm56qSY1,6KBwgofbUBuXuFTuKmi9Js,Me Enteré
0PB0O24JqAuNdOAFVJljMS,0kvRpuJ0AHo3oHZ4gMzm9F,5XJDexmWFLWOkjOEjOVX3e,6BGN5CVd7koJApotl5Bj8u,Coco Chanel
0If7xxzqs7Dv1SSO2MFKXF,0kvRpuJ0AHo3oHZ4gMzm9F,33ScadVnbm2X8kkUqOkC6Z,6FRoZB7Ppyz9EVph8nQoJX,Podemos Repetirlo
4aJzxp3gimtAdgJn3DL776,0kvRpuJ0AHo3oHZ4gMzm9F,6nVcHLIgY5pE2YCl8ubca1,7weNe4OIBROOCcMEOMeNlS,Mami Chula
4ix1NGkHZEiVyzoQ6cEVs3,0kvRpuJ0AHo3oHZ4gMzm9F,6nVcHLIgY5pE2YCl8ubca1,5dvomMEu2lIYM9p189RxIp,Ex-Special
21N77gfWYoQDvrLvaeiQgi,0kvRpuJ0AHo3oHZ4gMzm9F,1mcTU81TzQhprhouKaTkpq,6E7Awtyx6opYTbPXx6ApzB,BABY HELLO
1LFXWfARjkBkc9Abofmgp8,0kvRpuJ0AHo3oHZ4gMzm9F,2LRoIwlKmHjgvigdNGBHNo,7JsvGZNqsoZlFOl41TKucq,FERXXO 151
51FvjPEGKq2zByeeEQ43V9,0kvRpuJ0AHo3oHZ4gMzm9F,64KEffDW9EtZ1y2vBYgq8T,6sU751LOdNBPvVErW1GunP,El Merengue
1PAvhqefivTNdxZ4u8RT1d,0kvRpuJ0AHo3oHZ4gMzm9F,7vXDAI8JwjW531ouMGbfcp,3N60ysBDxJsDwM5bpwqqwR,Muñecas
5hHzqkPU6TQxWtV2cJqsMp,0kvRpuJ0AHo3oHZ4gMzm9F,3E6xrwgnVfYCrCs0ePERDz,1O9NM8bAvDQwD5ZZDmoStC,MI EXXX
3kmWIej9tXjSWWYc9tPjJk,0kvRpuJ0AHo3oHZ4gMzm9F,1r4hJ1h58CWwUQe3MxPuau,21HEULXdjdbOsXoR0ajBeB,COCO LOCO
4sDpxaulErbJ9NBaJDC7cJ,0kvRpuJ0AHo3oHZ4gMzm9F,52iwsT98xCoGgiGntTiR7K,2FRQH7JReYGUWXX86Pr6ag,Buenas
63ui2w3QJBp8xx0c1MJB2Z,0kvRpuJ0AHo3oHZ4gMzm9F,4q3ewBCX7sLwd24euuV69X,72GhGik5fsSeFkgpjsllVj,UN PREVIEW
3KEtYxU8b1gZMbsY9Jlpqd,0kvRpuJ0AHo3oHZ4gMzm9F,0GM7qgcRCORpGnfcN2tCiB,2X6WyzpxY70eUn3lnewB7d,PASIEMPRE
7ro0hRteUMfnOioTFI5TG1,0kvRpuJ0AHo3oHZ4gMzm9F,4q3ewBCX7sLwd24euuV69X,5gCcb5fsSb6w5K8SyJrgtB,WHERE SHE GOES
79euszUrA1kga1kK5PRmDo,0kvRpuJ0AHo3oHZ4gMzm9F,6nVcHLIgY5pE2YCl8ubca1,10C7yBcN3lezb79Dcznwad,Cuerpecito
3dnP0JxCgygwQH9Gm7q7nb,0kvRpuJ0AHo3oHZ4gMzm9F,0XeEobZplHxzM9QzFQWLiR,3Mm1P5CEEAiuJqBclr2EyU,Ella Baila Sola
0bdL8X3MrX51dRz231BFtv,0kvRpuJ0AHo3oHZ4gMzm9F,0eHQ9o50hj6ZDNBt6Ys1sD,6t3uUCp5kGlcXKmSfDl3Ul,Moviendo Caderas (feat. Daddy Yankee)
2oJH69cuNyWpCmZyTmvrEN,0kvRpuJ0AHo3oHZ4gMzm9F,33ScadVnbm2X8kkUqOkC6Z,7vyVMX83PJNulUZUgbKfuY,Dutty Love
27ebni0DfbT5Owz6W42HP8,0kvRpuJ0AHo3oHZ4gMzm9F,0eHQ9o50hj6ZDNBt6Ys1sD,2zD0vIQjiaFbumnbjWC6WY,Nunca Me Olvides
3Ke1NVElHXQpBeuWz6QOt8,0kvRpuJ0AHo3oHZ4gMzm9F,2DP9xStkVVv753RBiEHXQB,6lEJcXTGwEF6HHkdyA00iR,Una Cita - Remix
1tvdNGCcgAhYaYq7ouIYGJ,0kvRpuJ0AHo3oHZ4gMzm9F,1a2HwAlOE2wUPmNisvZxSw,4mLZPjMTdg2Io0fOYuJ1Ch,Entre la Playa Ella y Yo
5q2JbCNi4FcnglgPfxcV65,0kvRpuJ0AHo3oHZ4gMzm9F,2R21vXR83lH98kGeO99Y66,2ucmNNr2Y9ZI7fP4oAMdIj,Sola (Remix)
3QwBODjSEzelZyVjxPOHdq,0kvRpuJ0AHo3oHZ4gMzm9F,21451j1KhjAiaYKflxBjr1,22lEQJ7khtB2yvsq84FDQb,Otra vez (feat. J Balvin)
2abrtFd4DWYOzMqSGyHWo4,0kvRpuJ0AHo3oHZ4gMzm9F,0nqpXa8bkBlWgS9FKhNCuj,30Mx3Jz0HsGItYSrc1bHaw,Borracho
0s5DNDV6LAKn2u2Ufa3VjQ,0kvRpuJ0AHo3oHZ4gMzm9F,2wkoKEfS6dXwThbyTnZWFU,0vfE72mb2weKSONtBC6SPJ,Desconocidos
5hcisvFMidkMJlElTO9Qmw,0kvRpuJ0AHo3oHZ4gMzm9F,4q3ewBCX7sLwd24euuV69X,287ZdmXv5M5YH5xxdGLhbY,Sensualidad
2EzRdhuoPyNJDlep7lnNf2,0kvRpuJ0AHo3oHZ4gMzm9F,5H1nN1SzW0qNeUEZvuXjAj,5kpilAKnaFNV2DX5ewD7x7,Dembow
13X0XdLMOdtbXVtAj2ox4h,0kvRpuJ0AHo3oHZ4gMzm9F,4bw2Am3p9ji3mYsXNXtQcd,2Sjpwi9v5NttSeZFDvZzYf,Besándote
6De0lHrwBfPfrhorm9q1Xl,0kvRpuJ0AHo3oHZ4gMzm9F,5H1nN1SzW0qNeUEZvuXjAj,4RrvIEhnaHKpFxsjXc4D7d,Me Rehúso
4HrVwF7fQhfKvtd7CzmufO,0kvRpuJ0AHo3oHZ4gMzm9F,5KQX0Ui06LVm6PApyicRFK,5QcyFFfTjCqvhVUO9Dl8pf,Noche loca
1y2jGfgALBBNZL6tXPI2Ke,0kvRpuJ0AHo3oHZ4gMzm9F,5KQX0Ui06LVm6PApyicRFK,5QcyFFfTjCqvhVUO9Dl8pf,Segundas Intenciones
4PCVVIrUDldF5r7RXtOB5W,0kvRpuJ0AHo3oHZ4gMzm9F,5KQX0Ui06LVm6PApyicRFK,5QcyFFfTjCqvhVUO9Dl8pf,Curiosidad
5jMvnSyOgGY8JpvHqeyVOg,0kvRpuJ0AHo3oHZ4gMzm9F,5KQX0Ui06LVm6PApyicRFK,5QcyFFfTjCqvhVUO9Dl8pf,Locuras contigo
1DrDfpOx4P4LMxFhtOmeyD,0kvRpuJ0AHo3oHZ4gMzm9F,2jSGzJw0ebJLu7OLVSOcBP,04NPh9S2gPzYveqlJYQ0V8,Fanatica Sensual
3AQ1zVx39FvB4yH0bjGgPm,0kvRpuJ0AHo3oHZ4gMzm9F,3PAwspMN27PDm81WwXDsMf,6BMQRp3DPyat7H0flaMQzJ,Imaginándote (feat. Daddy Yankee)
06XjBDJ5YHomBLAEd9aPDp,0kvRpuJ0AHo3oHZ4gMzm9F,27Yc5RzJf27tJfqezJnHY1,2OXA9F38QjSRPUsG2f0TZF,Inevitable
3lCbsHaN1wCxyDzcNN2x4N,0kvRpuJ0AHo3oHZ4gMzm9F,48R2gYdPKtfnfKAzhSVPUx,5TXzXK8XclNSvQccVUiCf2,Si Me Tomo Una Cerveza
1xxtsuafCIJm7WPQ1tdDDi,0kvRpuJ0AHo3oHZ4gMzm9F,4GepMkTgrIZECoCC55vqjW,5h6GCVe6hkOkaG12TVrzr2,Bronceado - Remix
6gV8ALkSHfJi7Bprabr1FC,0kvRpuJ0AHo3oHZ4gMzm9F,2Hxu0Wmd7FUm0euCVInVrN,1IwuM5jEXE9v58NVKUyrwk,Inocente
3HoTiqEEY2SmTeq1XGINo3,0kvRpuJ0AHo3oHZ4gMzm9F,27Yc5RzJf27tJfqezJnHY1,3HZYz8zwaylv9XeIIlLzAX,Si Te Vas
7HrgGbnNKZKhBL70aFKpXk,0kvRpuJ0AHo3oHZ4gMzm9F,4SgKWjM7cJDCh2aY9H4HZf,31O1cXWZUf4yRC28MwJ1wb,Linda - Remix
7kK1cPOZ9RxZcgamiYysxw,0kvRpuJ0AHo3oHZ4gMzm9F,4PdggFNYwGfjRfkdG5OfES,3cz9fxBXppuImbufikGk2D,Sólo necesito
0YFoSD5VhoVrRbrnFERpVM,0kvRpuJ0AHo3oHZ4gMzm9F,5KQX0Ui06LVm6PApyicRFK,5QcyFFfTjCqvhVUO9Dl8pf,Yo te propongo
300xUYXWhFA6Q1sbNvVItP,0kvRpuJ0AHo3oHZ4gMzm9F,27Yc5RzJf27tJfqezJnHY1,45J24eNEQUEY3GNo44xgkw,Le Hace Falta un Beso
2rrWhFrcSZcZQ2SDKPGKQ6,0kvRpuJ0AHo3oHZ4gMzm9F,4GepMkTgrIZECoCC55vqjW,0yLhNN1wvArT1xOU9Y8s4S,Todo Comenzó Bailando
6JVZ8mwbwSU8iiJUE2kyql,0kvRpuJ0AHo3oHZ4gMzm9F,4YBAOrBF9vBB9inOLtpRzp,6JJ8pGKXBqfuDeYTyEl1kG,Llamame Más Temprano
6DxS2ZRl8G3EagHkovYXA2,0kvRpuJ0AHo3oHZ4gMzm9F,1pgDilWYDWLoOgGjf1iHNu,5YQYegKc5aoF6xNnGwVU2v,Zun Da Da
5yocaqYG38qpSSxV1t0o3D,0kvRpuJ0AHo3oHZ4gMzm9F,52iwsT98xCoGgiGntTiR7K,156gxGFDxadwiIC3Bfwmj3,DAME
5wcghdKONQcc5TKx9jCcns,0kvRpuJ0AHo3oHZ4gMzm9F,5CA5IqbsFr4hpNLdjgO0BU,5jpQWN1yr0LVt6ksILGFIP,ROZE | DJ TAO Turreo Sessions #22
5CLzTL3KI3xb1SbjE8lNWO,0kvRpuJ0AHo3oHZ4gMzm9F,2LRoIwlKmHjgvigdNGBHNo,16ScBmKm5WA3RwvTqiQlJd,el único tema del ferxxo
0LWwRQvunwufzUbWARrtX4,0kvRpuJ0AHo3oHZ4gMzm9F,52299B9p02G2fK6Tx0lDVQ,6SYw3rAydzGLLZd0lIyO5o,ERROR 403
2mM3gZ0BbPwPPMelbA8vgt,0kvRpuJ0AHo3oHZ4gMzm9F,7kXCcNRLEnblbTAppPraBp,77aeZo4yYPoMsnnRtPPpuk,No Te Enamores - Remix
3sxrGDtPVlivk1vjC4VjP1,0kvRpuJ0AHo3oHZ4gMzm9F,2Q1HJnngR9v11eyzvEgSPb,1KZhXDKFTClAFlSILyvmsi,Pasado pisado
2xjcDF21U2ccgE2LEeiMbf,0kvRpuJ0AHo3oHZ4gMzm9F,4GepMkTgrIZECoCC55vqjW,0yLhNN1wvArT1xOU9Y8s4S,Loquita
347TStOSY6IOqMB84Rpxwk,0kvRpuJ0AHo3oHZ4gMzm9F,4GepMkTgrIZECoCC55vqjW,0yLhNN1wvArT1xOU9Y8s4S,Nena
3GyuqojUcj05s5QP7G7zYB,0kvRpuJ0AHo3oHZ4gMzm9F,27Yc5RzJf27tJfqezJnHY1,0Qmm9t1FV6uOuNgm6CwhXp,Flasheaste Amor RMX
6cwrN0Go9VBDFj4n7riKPU,0kvRpuJ0AHo3oHZ4gMzm9F,5KQX0Ui06LVm6PApyicRFK,5QcyFFfTjCqvhVUO9Dl8pf,Adios
1MpKZi1zTXpERKwxmOu1PH,0kvRpuJ0AHo3oHZ4gMzm9F,5KQX0Ui06LVm6PApyicRFK,2PnTfdBKqkOYtazDgtClqX,Cuando Se Pone a Bailar
0EhuGnOS6fTc5l5UNtDEH2,0kvRpuJ0AHo3oHZ4gMzm9F,2O8vbr4RYPpk6MRA4fio7u,6S1YyhsGOkQZSwBJCevlfv,POLARIS - Remix
4J1vAbtAhMdsdpO1sKU3EO,0kvRpuJ0AHo3oHZ4gMzm9F,1FxPMQ9A0882eNDx3ZkD6B,3S3QVRXr0QxDc6bg5w4DbN,Pa’ la Selección
6qtDKAKZhJfVziibsoGBBj,0kvRpuJ0AHo3oHZ4gMzm9F,2LRoIwlKmHjgvigdNGBHNo,0kI46dzlikgAVpJ6LdkbJE,SI TÚ SUPIERAS
6peVAUzSxDlTigQw5T99O5,0kvRpuJ0AHo3oHZ4gMzm9F,0Q8NcsJwoCbZOHHW63su5S,2D5urBuawvNIrKdxO0X1pe,RÁPIDO
559YUIWxUc8Mx4lsla13Ff,0kvRpuJ0AHo3oHZ4gMzm9F,0Q8NcsJwoCbZOHHW63su5S,7b3PrkHcWx17AQwlI2M1Uc,MODELITO
77S5hcSZ92RorzzHbpTtJZ,0kvRpuJ0AHo3oHZ4gMzm9F,4U8C0APjzrrDmSDmMFQeRa,6THmfCPSaDteWMmFRyAbJe,Tiempo Perdido
3NhstUmrlhaN1M6hP8zMbb,0kvRpuJ0AHo3oHZ4gMzm9F,4q3ewBCX7sLwd24euuV69X,4FftCsAcXXD1nFO9RFUNFO,BABY NUEVA
4qSEvFGCpde73gqIuq3sho,0kvRpuJ0AHo3oHZ4gMzm9F,4q3ewBCX7sLwd24euuV69X,4FftCsAcXXD1nFO9RFUNFO,HIBIKI
3wlX0yg6NRMDPwOvdPmuLn,0kvRpuJ0AHo3oHZ4gMzm9F,2SNfNJDsahTSVFwgxposF5,3SPDYewQ7iwqYuLVoDOTQl,7 Lágrimas - Remix
5S7FewmYYyLNdMOfeEcB6P,0kvRpuJ0AHo3oHZ4gMzm9F,0Q8NcsJwoCbZOHHW63su5S,7b3PrkHcWx17AQwlI2M1Uc,COMO HAS ESTAU?
04f13iELcsYpY2yeLiAcfq,0kvRpuJ0AHo3oHZ4gMzm9F,1SupJlEpv7RS2tPNRaHViT,55uno9tUFr9N5Gq5Rnzfwd,El Amante (feat. Ozuna & Bad Bunny) - Remix
7t41kC0EsL9ykmfqzIRnsk,0kvRpuJ0AHo3oHZ4gMzm9F,3HPOnbuwLP2qlwWQ7cgxYW,5OcKxyDWYS79sTDOXhv97n,Bailame Despacio (Remix)
0lbhKycRyqkOMKZ6thzfU4,0kvRpuJ0AHo3oHZ4gMzm9F,5XJDexmWFLWOkjOEjOVX3e,5mG7RptOZno8N5iuCezmbz,Mi Error - Remix
4WiQA1AGWHFvaxBU6bHghs,0kvRpuJ0AHo3oHZ4gMzm9F,52iwsT98xCoGgiGntTiR7K,156gxGFDxadwiIC3Bfwmj3,PUNTO G
6irysuQyZWd7Bjj7ePiOs2,0kvRpuJ0AHo3oHZ4gMzm9F,6nVcHLIgY5pE2YCl8ubca1,42D6fdFJ4SLnh4jXZJrsNa,Holanda
70uX4beGHc1nQikXveOknp,0kvRpuJ0AHo3oHZ4gMzm9F,0tmwSHipWxN12fsoLcFU3B,1YJjyV8YutIhzL4MWAB1LY,Mala Costumbre
4TvSW80dWc3U3BQEMMpiqm,0kvRpuJ0AHo3oHZ4gMzm9F,3PAwspMN27PDm81WwXDsMf,3bWLuEAyZz4VeV2RINaKY0,Mi Noche
0H9WU0OIXPpbOVgzzOanXb,0kvRpuJ0AHo3oHZ4gMzm9F,5TP8Ubo4jLKEi4Mw2O8fAk,2BrbrEMfRYAMmNPprw4Jey,Ni Una Ni Dos
1V1Pazl8mBOpkxq7177K5t,0kvRpuJ0AHo3oHZ4gMzm9F,1y5zykrTLDq4msRz1u4yra,3C5J06yXt1FVDT5AmLPWU6,Mujer Cruceña
5IypFJnPEwFAPDTRz14ijX,0kvRpuJ0AHo3oHZ4gMzm9F,08Cb5OwPZ7SrS19MNYaHqz,3fJhLksMkgbINiakkY4o6j,Como Tu No Hay Dos
2kP6fOqdSQ5CYqVH5z5844,0kvRpuJ0AHo3oHZ4gMzm9F,6HWumjoLO58NYInUHk9565,0cYaWyKgFJQRM8LV6RdNeB,Te Encontre
0hvsOvo1zARlNnmHNhrxIF,0kvRpuJ0AHo3oHZ4gMzm9F,06Q5VlSAku57lFzyME3HrM,0BfSiRWo0RiAGhKowhcrxn,Adiós Amor / Oye Mujer
1AX4aybSRyXHWrjg27wTFE,0kvRpuJ0AHo3oHZ4gMzm9F,06Q5VlSAku57lFzyME3HrM,7kNdveFXAKstJ8iNMrwq4Z,Pobre Corazón - En Vivo
6HT88WDVwEJiHEbPuQ5XcB,0kvRpuJ0AHo3oHZ4gMzm9F,3YeBTR1Q1rUxKguz4jP6UV,5bF1CFdbRtYvsCbVro137h,Costumbres - Vivo
1fKFxmSByZfjwVSbq0PHye,0kvRpuJ0AHo3oHZ4gMzm9F,06Q5VlSAku57lFzyME3HrM,0BmRinej1BC9Dk6AmpY6ND,Si No Te Tengo / Ángel / Aquello Que Pasó
4VXejnj5WgM6H72ct2fSgQ,0kvRpuJ0AHo3oHZ4gMzm9F,3PAwspMN27PDm81WwXDsMf,6GrWXTqUu5ACouByzTMNiq,El Chisme
3Ne5uYDFzHEFYAPbaBMIck,0kvRpuJ0AHo3oHZ4gMzm9F,1DxLCyH42yaHKGK3cl5bvG,5i8WdrKnzvMbujuJhkcFQn,AUTOMÁTICO
7JB29gnUowzSGRdIpeVqRQ,0kvRpuJ0AHo3oHZ4gMzm9F,5TP8Ubo4jLKEi4Mw2O8fAk,3iggaiQChBAIIfQP8ZH2bR,M.A - Remix
7w7BrPbOjF5OxChs2dxFve,0kvRpuJ0AHo3oHZ4gMzm9F,2OhUNb01gLwygOizYvTm0e,5OT9JgUd8WVWBJgYog7a82,En La Intimidad | CROSSOVER #1
6WuufZDBNoEJBTinRiznhO,0kvRpuJ0AHo3oHZ4gMzm9F,4VMYDCV2IEDYJArk749S6m,3xtMlD79fXUjZ92e1c4TnX,La Nueva Y La Ex
1dNTcbUtbU3wRxKBCno6bd,0kvRpuJ0AHo3oHZ4gMzm9F,1wZtkThiXbVNtj6hee6dz9,7CCfcuCn7J3dvHYziLI4T1,Te Siento
2a87ec23uKFtHk0kaM47B2,0kvRpuJ0AHo3oHZ4gMzm9F,1SupJlEpv7RS2tPNRaHViT,4kk9vyGNaye8S9Oi3o8MM3,Travesuras - Remix
02jLfqc9gMo8PkHEGHY3OT,0kvRpuJ0AHo3oHZ4gMzm9F,2LRoIwlKmHjgvigdNGBHNo,29RDinslKobc2UKf1XcWn6,Si Te La Encuentras Por Ahí
4qXWX3OmEKp0YCnnxJqTMO,0kvRpuJ0AHo3oHZ4gMzm9F,60XHOAhvEBiV6BGBOv8ClM,1lwLGfbG3i8IIe8k92yv58,Dos Besitos
60DHrnRAhNJMy4WeEf23NH,0kvRpuJ0AHo3oHZ4gMzm9F,60XHOAhvEBiV6BGBOv8ClM,0LmZsaUKBzNRmVt9vC4Rv3,Butakera
45dlaEXrXW47TVbrQ4gK7E,0kvRpuJ0AHo3oHZ4gMzm9F,4IG1SDlwgNKzqTmjBrvY3K,6FKqbKsNvN2hT8vXdT0N02,Tu Turrito
3ZkUgtNi45G8qdmya5UTgV,0kvRpuJ0AHo3oHZ4gMzm9F,6oMRQ5H3A2XA5I3RG3leni,3iB7L3jdv63EAi4TnI59cz,LA JOAQUI | Mission 08
3fjN3y5x4hN53rykAN2LHQ,0kvRpuJ0AHo3oHZ4gMzm9F,2IMZYfNi21MGqxopj9fWx8,2jt6z03JV7Ax8ZdlOrs9BK,cómo dormiste?
41wtwzCZkXwpnakmwJ239F,0kvRpuJ0AHo3oHZ4gMzm9F,4q3ewBCX7sLwd24euuV69X,5lJqux7orBlA1QzyiBGti1,Si Veo a Tu Mamá
5kVZxyMY1gfdCLiChsfjn1,0kvRpuJ0AHo3oHZ4gMzm9F,4q3ewBCX7sLwd24euuV69X,3RQQmkQEvNCY4prGKE6oc5,Yo No Soy Celoso
2uflssWlCaJ6CbTMOsUpNI,0kvRpuJ0AHo3oHZ4gMzm9F,4q3ewBCX7sLwd24euuV69X,3RQQmkQEvNCY4prGKE6oc5,Aguacero
0UvZcEfpzVyx47QsRbjyBz,0kvRpuJ0AHo3oHZ4gMzm9F,4q3ewBCX7sLwd24euuV69X,3RQQmkQEvNCY4prGKE6oc5,El Apagón
79HZAZNnOE97rb2hnI0XQr,0kvRpuJ0AHo3oHZ4gMzm9F,1mcTU81TzQhprhouKaTkpq,4vJcqwIGUuk5TeP29OPovU,LOKERA
493Rk3iS7rs8uPfpnfm95u,0kvRpuJ0AHo3oHZ4gMzm9F,329e4yvIujISKGKz1BZZbO,046Eyq94B09gkJ8ISXxzt8,El Incomprendido
6VAS7m73rDopQe7BdrFMpD,0kvRpuJ0AHo3oHZ4gMzm9F,716NhGYqD1jl2wI1Qkgq36,2Mlyp5GSTI9XzBX7DrBuVn,"Tiago PZK: Bzrp Music Sessions, Vol. 48"
0wihfILRNOwE2156Shezc8,0kvRpuJ0AHo3oHZ4gMzm9F,4q3ewBCX7sLwd24euuV69X,3RQQmkQEvNCY4prGKE6oc5,Agosto
2NMjggapJcXXM7WccGEBUO,0kvRpuJ0AHo3oHZ4gMzm9F,4q3ewBCX7sLwd24euuV69X,3RQQmkQEvNCY4prGKE6oc5,Enséñame a Bailar
5ww2BF9slyYgNOk37BlC4u,0kvRpuJ0AHo3oHZ4gMzm9F,0tmwSHipWxN12fsoLcFU3B,1TpGeAzOJgAGdPkcWl95r2,La Bachata
18HOjcvTVV7W8YzBuOsAPS,0kvRpuJ0AHo3oHZ4gMzm9F,4q3ewBCX7sLwd24euuV69X,3RQQmkQEvNCY4prGKE6oc5,Un Verano Sin Ti
6Xom58OOXk2SoU711L2IXO,0kvRpuJ0AHo3oHZ4gMzm9F,4q3ewBCX7sLwd24euuV69X,3RQQmkQEvNCY4prGKE6oc5,Moscow Mule
5Eax0qFko2dh7Rl2lYs3bx,0kvRpuJ0AHo3oHZ4gMzm9F,4q3ewBCX7sLwd24euuV69X,3RQQmkQEvNCY4prGKE6oc5,Efecto
41oY4WCTj5kccfesTVFnvN,0kvRpuJ0AHo3oHZ4gMzm9F,4q3ewBCX7sLwd24euuV69X,3RQQmkQEvNCY4prGKE6oc5,Tarot
3k3NWokhRRkEPhCzPmV8TW,0kvRpuJ0AHo3oHZ4gMzm9F,4q3ewBCX7sLwd24euuV69X,3RQQmkQEvNCY4prGKE6oc5,Ojitos Lindos
4d4ZXH4dr5bYfgErHiZCX2,0kvRpuJ0AHo3oHZ4gMzm9F,4q3ewBCX7sLwd24euuV69X,3RQQmkQEvNCY4prGKE6oc5,Dos Mil 16
6Sq7ltF9Qa7SNFBsV5Cogx,0kvRpuJ0AHo3oHZ4gMzm9F,4q3ewBCX7sLwd24euuV69X,3RQQmkQEvNCY4prGKE6oc5,Me Porto Bonito
5CzixCxDkRXX9mScCmah8O,0kvRpuJ0AHo3oHZ4gMzm9F,4q3ewBCX7sLwd24euuV69X,3RQQmkQEvNCY4prGKE6oc5,Un Ratito
31i56LZnwE6uSu3exoHjtB,0kvRpuJ0AHo3oHZ4gMzm9F,4q3ewBCX7sLwd24euuV69X,3RQQmkQEvNCY4prGKE6oc5,Neverita
71wFwRo8xGc4lrcyKwsvba,0kvRpuJ0AHo3oHZ4gMzm9F,4q3ewBCX7sLwd24euuV69X,3RQQmkQEvNCY4prGKE6oc5,Callaita
48AJSd42lXpicsGqcgopof,0kvRpuJ0AHo3oHZ4gMzm9F,4VMYDCV2IEDYJArk749S6m,3rlJCPz7s7bTifG57wjFpt,X ÚLTIMA VEZ
0G2zPzWqVjR68iNPmx2TBe,0kvRpuJ0AHo3oHZ4gMzm9F,0Q8NcsJwoCbZOHHW63su5S,4MCZWUKxkvdMITh4KapBKX,Volando - Remix
2DEZmgHKAvm41k4J3R2E9Y,0kvRpuJ0AHo3oHZ4gMzm9F,4q3ewBCX7sLwd24euuV69X,5lJqux7orBlA1QzyiBGti1,Safaera
69vlMrzHwATKzupwNcUPyK,0kvRpuJ0AHo3oHZ4gMzm9F,4q3ewBCX7sLwd24euuV69X,5lJqux7orBlA1QzyiBGti1,La Santa
5kqNIqFjijuzvVLhuY9B8j,0kvRpuJ0AHo3oHZ4gMzm9F,4q3ewBCX7sLwd24euuV69X,5lJqux7orBlA1QzyiBGti1,La Zona
0fgsKar6uBO08vzHXkTjWi,0kvRpuJ0AHo3oHZ4gMzm9F,4q3ewBCX7sLwd24euuV69X,5lJqux7orBlA1QzyiBGti1,P FKN R
1LiN0Z98FkR1t0m8KmLcAH,0kvRpuJ0AHo3oHZ4gMzm9F,2R21vXR83lH98kGeO99Y66,464FQ8gr0oKlQ1a0TCK4Yj,Amanece
2hi1aFllOFRNH8gIHxQvD9,0kvRpuJ0AHo3oHZ4gMzm9F,00me4Ke1LsvMxt5kydlMyU,5mTPkLSMfQdLrb4DOXDQDh,Te Busco
774Vy9sPhpePjj0B7WHaG2,0kvRpuJ0AHo3oHZ4gMzm9F,00me4Ke1LsvMxt5kydlMyU,6A6eSLDcS2r7qT9ZFYSJlL,Prrrum
3oB0bcIVRVZgCkWif0H4vV,0kvRpuJ0AHo3oHZ4gMzm9F,1RBzGO6Nm3uyhUSxP7EDWO,0UEG3km1FB7nGZHwiSun8x,PPP
2cRtuTadVm0JzoW4NNTIqI,0kvRpuJ0AHo3oHZ4gMzm9F,2jSGzJw0ebJLu7OLVSOcBP,04NPh9S2gPzYveqlJYQ0V8,Candy
2Dbq5moIguMsbRZa9SB7gD,0kvRpuJ0AHo3oHZ4gMzm9F,3LKXWvXFWrkwUzJWxzwVpW,3gvDroaxVajs2EDUABP3C7,Permitame (feat. Yandel)
6NSMQFKgjpQb0KkjMDYIK0,0kvRpuJ0AHo3oHZ4gMzm9F,4SsVbpTthjScTS7U2hmr1X,12yPsAPzZ5584HxpItKBUn,Tu No Vive Asi (feat. Mambo Kingz & DJ Luian)
0lREs0EdgrMQQKw00yx0Ct,0kvRpuJ0AHo3oHZ4gMzm9F,1Yj5Xey7kTwvZla8sqdsdE,77HpsjuhHrcZhIp0PyiROw,Una Noche en Medellín
5PycBIeabfvX3n9ILG7Vrv,0kvRpuJ0AHo3oHZ4gMzm9F,5lwmRuXgjX8xIwlnauTZIP,17HsiXfqKUPoTP6Y5ebs1L,Propuesta Indecente
18pWcEUcUJpBFs7eNBsBht,0kvRpuJ0AHo3oHZ4gMzm9F,2LRoIwlKmHjgvigdNGBHNo,7pijRxgRaBirPz6wDaJIp9,Castigo
0e8DgtfJnWTBarF9YGMd0N,0kvRpuJ0AHo3oHZ4gMzm9F,7npqy7rgdX2D3yfVyWExKo,6FVaqUBQlhPrGoLCllQk4y,Ven Bailalo - Reggaeton Mix
27ze5t5tIDPlVits0KRbxT,0kvRpuJ0AHo3oHZ4gMzm9F,1qto4hHid1P71emI6Fd8xi,03Sa02WIHEwH8lHfbipmrz,El Perdedor
5lhcHMDQpNwhM62lSOrvLf,0kvRpuJ0AHo3oHZ4gMzm9F,0qTZZWLzuD59Un5r1speHm,4aaDxJmUbZuIsBHSRclIre,Ahora Dice
69Ej1xrGjOcHvIMtMKxK0G,0kvRpuJ0AHo3oHZ4gMzm9F,33ScadVnbm2X8kkUqOkC6Z,4vOvr0tdZWoIGjnHe9jLqz,Dile
6bcdiJvYNX115yvbh3wASz,0kvRpuJ0AHo3oHZ4gMzm9F,5lwmRuXgjX8xIwlnauTZIP,17HsiXfqKUPoTP6Y5ebs1L,Cancioncitas de Amor
26QKsGW4hMuwiEE1ftUMHe,0kvRpuJ0AHo3oHZ4gMzm9F,4VMYDCV2IEDYJArk749S6m,4pLuE50wL9T26lSv42X0J2,"Lo Que Pasó, Pasó"
2FIm6YsSGL5acOqSuJDh5s,0kvRpuJ0AHo3oHZ4gMzm9F,4SsVbpTthjScTS7U2hmr1X,4yE7L5RhMkjX7KkweWjFYk,Me Acostumbre (feat. Bad Bunny)
79zvVrn65ksbiGQxrtV4I5,0kvRpuJ0AHo3oHZ4gMzm9F,33ScadVnbm2X8kkUqOkC6Z,57mWSm5UtRGT08KeJuyZqu,Guaya Guaya
3PpWCS95gDUDRPko3u1MZ9,0kvRpuJ0AHo3oHZ4gMzm9F,2LRoIwlKmHjgvigdNGBHNo,7pijRxgRaBirPz6wDaJIp9,Prohibidox
6G4U9avyBNEfP0fAIduev3,0kvRpuJ0AHo3oHZ4gMzm9F,1qto4hHid1P71emI6Fd8xi,3dCEXNx36W29EYCMUAx5p5,Ella Y Yo - Featuring Don Omar
1PZrHbJjt5t7dP9OGRxcD0,0kvRpuJ0AHo3oHZ4gMzm9F,33ScadVnbm2X8kkUqOkC6Z,4vOvr0tdZWoIGjnHe9jLqz,Dale Don Dale
0uRHot8ml8U8cYVwwzMwNT,0kvRpuJ0AHo3oHZ4gMzm9F,6ejQ8vRKDUNBT2UyG3OaAM,303q7Gwd1npoNdMFtoAe9s,Corazon De Seda (feat. Ozuna)
0a6ogDrZBvYgDjILgsQVaJ,0kvRpuJ0AHo3oHZ4gMzm9F,4SsVbpTthjScTS7U2hmr1X,3jdYDg5KQ9d8uBGleBlGYY,Hace Mucho Tiempo
7fGODUqa0gtkb72oBVCgCD,0kvRpuJ0AHo3oHZ4gMzm9F,4VMYDCV2IEDYJArk749S6m,6FwmC2DvXlzz23X8nAWMbN,Ella Me Levanto
0t0WIrjRcvgBAwLlby2gsZ,0kvRpuJ0AHo3oHZ4gMzm9F,3jFjgKOGfVLWfXX8q5wrsg,7CpmPDrPfeDnR4ykfM7OYE,Down
1nAk42YH4kmPxaoFcLgiSe,0kvRpuJ0AHo3oHZ4gMzm9F,5fJsY7afrbsyzJj9wdzJMh,214muZYoc3ewXMXGwQBFVU,Mi Cama Huele a Ti (feat. Zion & Lennox)
4t9a07PAghtQMRAIP9FQ7Z,0kvRpuJ0AHo3oHZ4gMzm9F,47MpMsUfWtgyIIBEFOr4FE,46xbsFOp9g1WqTidQEs7YT,Soltera (Remix)
7MmrcXVA7A5zZ2CbDuGHNa,0kvRpuJ0AHo3oHZ4gMzm9F,2IMZYfNi21MGqxopj9fWx8,3tc9WifLZvWKnoWzLPmaeO,A Mí
4Yu2UoU9qNlYL9GeIH65P5,0kvRpuJ0AHo3oHZ4gMzm9F,2jSGzJw0ebJLu7OLVSOcBP,04NPh9S2gPzYveqlJYQ0V8,Mi Vecinita
1sbNEFiURUYfy024cJX8JG,0kvRpuJ0AHo3oHZ4gMzm9F,2LRoIwlKmHjgvigdNGBHNo,7pijRxgRaBirPz6wDaJIp9,Ferxxo 100
3AuZYCpYf82OirSYJXZRep,0kvRpuJ0AHo3oHZ4gMzm9F,16Juw2gfa9IxEL3Vu69cH7,17GlBsRcuYd1H3yTT9Wwva,Aparentemente
19CmuECYssqkPWANF4nLWM,0kvRpuJ0AHo3oHZ4gMzm9F,60nua3AsVSfADZtg5Hdz3W,4vIw5XspQuPt04VHX5oK5W,Para No Verte Más
2Bhmj4XK33InfhqKPxcJ1v,0kvRpuJ0AHo3oHZ4gMzm9F,1qto4hHid1P71emI6Fd8xi,57tmzh0hsnWU8znnvEWJbe,Dile al Amor
0xJFWROBNTBL4sKEuA5pm6,0kvRpuJ0AHo3oHZ4gMzm9F,2jSGzJw0ebJLu7OLVSOcBP,2VcnobeKvV4FPuENazZozO,Guatauba
2tFwfmceQa1Y6nRPhYbEtC,0kvRpuJ0AHo3oHZ4gMzm9F,6nVcHLIgY5pE2YCl8ubca1,0VLl6NV05DjwNE2lZFdCEI,CÓMO SE SIENTE - Remix
0T2pB7P1VdXPhLdQZ488uH,0kvRpuJ0AHo3oHZ4gMzm9F,2LRoIwlKmHjgvigdNGBHNo,7pijRxgRaBirPz6wDaJIp9,Normal
6y8z28epOv5FlaxDv1Lo5B,0kvRpuJ0AHo3oHZ4gMzm9F,7j6DKwmjbxvpQO8h914uEz,5NXNrP5J2LhfkbI9ZfcNXI,Jordan
5lZaM4985p0t3YfizlQWUz,0kvRpuJ0AHo3oHZ4gMzm9F,00XhexlJEXQstHimpZN910,5HfLVrLABowoW9EoCavQld,Asesina
6D2TCm4nf5nxAcdGJ7w3QP,0kvRpuJ0AHo3oHZ4gMzm9F,1vyhD5VmyZ7KMfW5gqLgo5,11GmvpYnbgK0rSryPaV5BP,Qué Más Pues?
2beS6dD5rovBxSA1zYoSHR,0kvRpuJ0AHo3oHZ4gMzm9F,6nVcHLIgY5pE2YCl8ubca1,2a2LGFK2TeN4fAKm1ZOc1I,No Me Conoce - Remix
0k23rRi1B8ZHrKtzECGoyk,0kvRpuJ0AHo3oHZ4gMzm9F,1vyhD5VmyZ7KMfW5gqLgo5,4cGc9Eeb3Gjff2Aq5ILLEf,Sigo Extrañándote
1xEBxyr5QI0uvIoRa3WPi4,0kvRpuJ0AHo3oHZ4gMzm9F,7Gl1xRfbxCfInNRvy1JGZW,4GMkQYncdGgsXtXxquk2An,La Locura Automática - Reggaeton
0Z2OhR9OoUdZ9rhEy9ECkq,0kvRpuJ0AHo3oHZ4gMzm9F,33ScadVnbm2X8kkUqOkC6Z,3F41BssbVvfFnh6DdDODeO,Hasta Abajo
4kAtRwNRLMKuoCbxMSxUGI,0kvRpuJ0AHo3oHZ4gMzm9F,1wZtkThiXbVNtj6hee6dz9,0mfiGkVJST0ysEVznu2aZP,Noche De Sexo
1kQqiC1rS1FiuVpeBKN0QN,0kvRpuJ0AHo3oHZ4gMzm9F,1wZtkThiXbVNtj6hee6dz9,0mfiGkVJST0ysEVznu2aZP,Rakata
5fXs8afqNK3PQ3l3zHdXNl,0kvRpuJ0AHo3oHZ4gMzm9F,4VMYDCV2IEDYJArk749S6m,4Ryvj739gs3zPL5ThP2XEV,Noche De Entierro (Nuestro Amor)
4Xtlw8oXkIOvzV7crUBKeZ,0kvRpuJ0AHo3oHZ4gMzm9F,4VMYDCV2IEDYJArk749S6m,2rNUIqPFIbq5bSH46jHUZy,Rompe
0zdFRGRSe2QRFR7epr60VY,0kvRpuJ0AHo3oHZ4gMzm9F,33ScadVnbm2X8kkUqOkC6Z,0VKEkSWbmAyBEVuvlhMmas,Salio El Sol
1UbaazGMKLlhvZdwsPWzBz,0kvRpuJ0AHo3oHZ4gMzm9F,1wZtkThiXbVNtj6hee6dz9,0VKEkSWbmAyBEVuvlhMmas,Pam Pam
5cbEDvUIWBVRHsu1bQ1P2m,0kvRpuJ0AHo3oHZ4gMzm9F,3jFjgKOGfVLWfXX8q5wrsg,4fD9eyaOEHs7L0nBXeLtT3,Down
1AwrgKnXSocAfc5RAUuyHO,0kvRpuJ0AHo3oHZ4gMzm9F,33ScadVnbm2X8kkUqOkC6Z,6CqWsUd484u7T1xQzQGBYy,Pobre Diabla
4HPSBpVBdu1aBnvW0XIUZi,0kvRpuJ0AHo3oHZ4gMzm9F,3SUT1jjM5hzZj9TLfLZGIP,7txBx0XCrl5IhJuTNgNV4w,Punto Y Aparte
5gflgO9EPbIBf16n5TKnQS,0kvRpuJ0AHo3oHZ4gMzm9F,21451j1KhjAiaYKflxBjr1,2aItcV9jj0LvaluaDFTLqF,Yo Voy (feat. Daddy Yankee)
6jEZLz3YpnEBRpVkv35AmP,0kvRpuJ0AHo3oHZ4gMzm9F,4VMYDCV2IEDYJArk749S6m,5i2HhIrYyMNQvmsBk9h8Im,Gasolina
1q8NdCAQ9QUjpYiqzdd3mv,0kvRpuJ0AHo3oHZ4gMzm9F,0yNSzH5nZmHzeE2xn6Xshb,5pmuwmV2OcuiTX7kNczQ16,Atrévete-Te-Te
7soEJURKTlW5Rku2TZ519W,0kvRpuJ0AHo3oHZ4gMzm9F,6p2442ymrT9lZEuCZJdYcH,48wI14nV89YQ52h0tDrENQ,Yo Quiero Bailar
1Ikmq5AeLh47zbtM9fy13T,0kvRpuJ0AHo3oHZ4gMzm9F,1wZtkThiXbVNtj6hee6dz9,0LHnOx2oLegPCawcuxRF7j,Abusadora
5BB5zjzCzo9M3uOKzhiXZB,0kvRpuJ0AHo3oHZ4gMzm9F,4VMYDCV2IEDYJArk749S6m,5fn6sCofBYgRn6OICMeDvr,Pose
5JDjxO6F0RrLkzAdIOG6P3,0kvRpuJ0AHo3oHZ4gMzm9F,2jSGzJw0ebJLu7OLVSOcBP,4NGXJ1L18IjOD3H9tLV9Lk,Frikitona
0Xfo7PfltbOrAiBs0eSCTH,0kvRpuJ0AHo3oHZ4gMzm9F,4VMYDCV2IEDYJArk749S6m,7JeWY0pvC27pCgn5eiSeV6,¿Qué Tengo Que Hacer?
6Whz0X5fTmsTMrWuFTBp60,0kvRpuJ0AHo3oHZ4gMzm9F,4VMYDCV2IEDYJArk749S6m,6FwmC2DvXlzz23X8nAWMbN,Impacto
4tAru66VGVLWYjg90UV4vJ,0kvRpuJ0AHo3oHZ4gMzm9F,0TnOYISbd1XYRBk9myaseg,76N6imyjQ9h5p2NzakHT32,Culo
3dtGHZyEGmKSmQoAPcbvyb,0kvRpuJ0AHo3oHZ4gMzm9F,5Q1vijNjTVhQBoVrZVXms8,7dhQWDiTlbp3Np8sdLMY3R,La Botella
6DUdDIRgLqCGq1DwkNWQTN,0kvRpuJ0AHo3oHZ4gMzm9F,1r4hJ1h58CWwUQe3MxPuau,3PomvFR694SrCSZzDWMWV7,Borro Cassette
4HYDUMY0xSpeBr0AMY9cUz,0kvRpuJ0AHo3oHZ4gMzm9F,2cPqdH7XMvwaBJEVjheH8g,5sEpXan86hEcM8eZSAoWhw,La Curiosidad
0fea68AdmYNygeTGI4RC18,0kvRpuJ0AHo3oHZ4gMzm9F,1vyhD5VmyZ7KMfW5gqLgo5,6ylFfzx32ICw4L1A7YWNLN,LA CANCIÓN
4L4MttVsY1WaxSDzFiQefU,0kvRpuJ0AHo3oHZ4gMzm9F,0b2GL7Y02vu50qieoQmw1w,1JCOUDiJmrVr6YmzLXMHkO,Ay Mi Dios
6H8vwKQzKhw0oAgRPZsQge,0kvRpuJ0AHo3oHZ4gMzm9F,6w9ToX5slZ4uIdmD17hJ3c,41rlAaHfREFibaYl9ZfLbN,Tanta Falta
4SJHHpKhcuXwDsCsPqshXj,0kvRpuJ0AHo3oHZ4gMzm9F,1mcTU81TzQhprhouKaTkpq,6C8ObcezFoorqPgY2J320r,El Efecto
6kTMnty169llVx9sGHb6LD,0kvRpuJ0AHo3oHZ4gMzm9F,6kq4GHwUcUojGIu0ziSNXf,7gnUxSrGT4npGYuFXwQTO4,Solo
25ZAibhr3bdlMCLmubZDVt,0kvRpuJ0AHo3oHZ4gMzm9F,1vyhD5VmyZ7KMfW5gqLgo5,6ylFfzx32ICw4L1A7YWNLN,QUE PRETENDES
5jW3rF4URMdK7tO2xjS5EI,0kvRpuJ0AHo3oHZ4gMzm9F,3vQ0GE3mI0dAaxIMYe5g7z,0qJkFmVwwNXP6fvSemDZqn,Tal Vez
1bRpSCFv6P2OUhciByeRYR,0kvRpuJ0AHo3oHZ4gMzm9F,2DspEsT7UXGKd2VaaedgG4,3bncOq9bM24eCefxlJvrtK,Jangueo
04cd1MHVq1D8v1nuTZoCdv,0kvRpuJ0AHo3oHZ4gMzm9F,4bw2Am3p9ji3mYsXNXtQcd,0sGGdQF7f03jwgaD9qhtUQ,Puntos Suspensivos
48zFZh27QU5qsrBjn4C2FA,0kvRpuJ0AHo3oHZ4gMzm9F,1i8SpTcr7yvPOmcqrbnVXY,0SukGZiXMtmsZoxstkBtNR,Vaina Loca
6ebo7CQn4ILLGvXRmXHhQz,0kvRpuJ0AHo3oHZ4gMzm9F,7vXDAI8JwjW531ouMGbfcp,3HWlgRjxW0H7fWm1n2LBbE,Miénteme
4DbhxwlkhTbCTqlZptxmI6,0kvRpuJ0AHo3oHZ4gMzm9F,5H1nN1SzW0qNeUEZvuXjAj,3pHFjWCK7d5YLtEuFwfR5N,Swing
6Es8Sk3xe1HiJ2MXCfHHwR,0kvRpuJ0AHo3oHZ4gMzm9F,0AqlFI0tz2DsEoJlKSIiT9,2qo8j9yZIsx66yDuUho2jp,La_Original.mp3
7cfJzUd54EOFRCw08o0KHp,0kvRpuJ0AHo3oHZ4gMzm9F,7vXDAI8JwjW531ouMGbfcp,3HWlgRjxW0H7fWm1n2LBbE,Bar
3cjnOR9smeeqVfj13XSpqS,0kvRpuJ0AHo3oHZ4gMzm9F,4nTNHKAVWQyqnvRuBW4N4V,3kuFkR32n0p4DEQ9LOXnmU,Chica Brasileña
5uD4fcXch2qE5LYeyDipA1,0kvRpuJ0AHo3oHZ4gMzm9F,7HSeegdmjLYRJpkOYIaZIW,2gdXeh9icSTRQp71pxmTP6,Bésame
03a359wbiUsjN9h6yzXvmS,0kvRpuJ0AHo3oHZ4gMzm9F,1bAftSH8umNcGZ0uyV7LMg,42ZO19JImkKWh6y7rfvrfM,She Don't Give a Fo
5kCoykriGdZhWMlm9vrtQI,0kvRpuJ0AHo3oHZ4gMzm9F,2DspEsT7UXGKd2VaaedgG4,7c3cZS4ScoPCEmtZFIPqLF,Toda - Remix
27RSJHEA99Y0Vsow7nA37A,0kvRpuJ0AHo3oHZ4gMzm9F,77ziqFxp5gaInVrF2lj4ht,57ppCWTeAnqooyrR4DzbwR,911 (Remix)
29ShXDWDedEwZkYc8Du08N,0kvRpuJ0AHo3oHZ4gMzm9F,2kqUKsTuEj1lPbm6BSn1AU,1faqBAWocW4ZOe0OFjudGw,Imaginate
7g8YaUQABMal0zWe7a2ijz,0kvRpuJ0AHo3oHZ4gMzm9F,0KPX4Ucy9dk82uj4GpKesn,6stPNzjz40FWTiwlOR98Lp,Pa Mí - Remix
06s3QtMJVXw1AJX3UfvZG1,0kvRpuJ0AHo3oHZ4gMzm9F,2R21vXR83lH98kGeO99Y66,7JtT7OyWM8BnIS5FXXPMKg,Hasta Que Dios Diga
57Ba26w9eoXx8BBUNgRNLV,0kvRpuJ0AHo3oHZ4gMzm9F,6HqgxkTt9KGyt27zYrwVan,2WA4eZXER4ZLTBftVKvrnO,La Forma en Que Me Miras
0Bv7O6fmZk3GrNQFYJaXPn,0kvRpuJ0AHo3oHZ4gMzm9F,0IEzMvarfVycBJAXjjEZOL,0GkI5Xq0n0McicAumkuGyb,"Cayó La Noche (feat. Cruz Cafuné, Abhir Hathi, Bejo, EL IMA) [Remix]"
2hLXUbsOU9cDb9RFva9FYr,0kvRpuJ0AHo3oHZ4gMzm9F,0Q8NcsJwoCbZOHHW63su5S,0QLDQG7Jx78rEUDW03IhHC,MEMORIAS
5jzEwSyyymBlf1fa1o39T2,0kvRpuJ0AHo3oHZ4gMzm9F,0Q8NcsJwoCbZOHHW63su5S,5r8T7S23cVDSd7a045h4N5,512
0sBVn4NN8VlR9WMmyZ1Cek,0kvRpuJ0AHo3oHZ4gMzm9F,0GchaVw5KfSVEm0xl0OXEe,01eo94qU3vhVzEsgAjMLz2,Mi Palabra Contra la de Ellos - En Vivo
1LszjjoVwDDZcWUQbzeDLG,0kvRpuJ0AHo3oHZ4gMzm9F,0eHQ9o50hj6ZDNBt6Ys1sD,3tAW0n99Uq2IlvzBsW3tQq,Explícale (feat. Bad Bunny)
1zgTTXWby9R40Gj9rHgH8e,0kvRpuJ0AHo3oHZ4gMzm9F,0ZCO8oVkMj897cKgFH7fRW,7ln5J3GjNk2B6YSbO8IGUG,El Amor de Mi Vida
3yIyUQXF050PehHtbkgaDu,0kvRpuJ0AHo3oHZ4gMzm9F,0Q8NcsJwoCbZOHHW63su5S,7b3PrkHcWx17AQwlI2M1Uc,CASUALIDAD
36FTXlmbiV2diZdZukzLDm,0kvRpuJ0AHo3oHZ4gMzm9F,2LRoIwlKmHjgvigdNGBHNo,0RjxDLuy3YP0zLuo8VB0JX,BUBALU
5xSt1wxZobFcLzHrFakv6z,0kvRpuJ0AHo3oHZ4gMzm9F,2O8vbr4RYPpk6MRA4fio7u,52te2AyrVAYPc04onR1Lfy,COSAS QUE NO TE DIJE
3ef2QlCUWO29UvqJaU3MUi,0kvRpuJ0AHo3oHZ4gMzm9F,4m6ubhNsdwF4psNf3R8kwR,3ryXum3u0sEV2f6oBHXI22,Ayer Me Llamó Mi Ex
71nkNlFUY4d9mBvTAyV9ig,0kvRpuJ0AHo3oHZ4gMzm9F,4m6ubhNsdwF4psNf3R8kwR,3uwIRMTeueP92bS46L6d7q,Dónde Estás
7bidsoy3nzCDNYzAzrV7NN,0kvRpuJ0AHo3oHZ4gMzm9F,716NhGYqD1jl2wI1Qkgq36,4uCvvmrzsCEyLDbBJ1pYww,"KHEA: Bzrp Music Sessions, Vol. 34"
7I8L3vYCLThw2FDrE6LuzE,0kvRpuJ0AHo3oHZ4gMzm9F,3Apb2lGmGJaBmr0TTBJvIZ,38DYAL9bTbpSQpZwENwj78,Además de Mí - Remix
5E0gsHgrsCwG4FxTit0ltJ,0kvRpuJ0AHo3oHZ4gMzm9F,2jSGzJw0ebJLu7OLVSOcBP,04NPh9S2gPzYveqlJYQ0V8,Choca
3upTB6o5YgeALHgDp3mzte,0kvRpuJ0AHo3oHZ4gMzm9F,1dKdetem2xEmjgvyymzytS,6kbhZqFlf80O9LW2EAWz15,Qué Onda Perdida
5x17YrAwajDUCqB8zT9ElY,0kvRpuJ0AHo3oHZ4gMzm9F,5Y3MV9DZ0d87NnVm56qSY1,5KKcchRuyjfuLkecyRJcWx,Traductor
3ThrfRAmijYU098H9q9tAs,0kvRpuJ0AHo3oHZ4gMzm9F,1mcTU81TzQhprhouKaTkpq,3DxqnLZyD3wBfxdg7FnkPY,Enchule
5e45GhSF18JYoLpaq2F48h,0kvRpuJ0AHo3oHZ4gMzm9F,77AiFEVeAVj2ORpC85QVJs,5LSqEb2yiUoWM91rUnvDjS,"Azukita (Steve Aoki, Daddy Yankee, Play-N-Skillz & Elvis Crespo) (feat. Elvis Crespo)"
1XC79bX6FnBuMgCiI05R9r,0kvRpuJ0AHo3oHZ4gMzm9F,1pgDilWYDWLoOgGjf1iHNu,5YQYegKc5aoF6xNnGwVU2v,Amor De Pobre
0DWdj2oZMBFSzRsi2Cvfzf,0kvRpuJ0AHo3oHZ4gMzm9F,790FomKkXshlbRYZFtlgla,4kS7bSuU0Jm9LYMosFU2x5,TQG
1UMm1Qs3u59Wvk53zBUE8r,0kvRpuJ0AHo3oHZ4gMzm9F,0ys2OFYzWYB5hRDLCsBqxt,1vw6eLxCJRAfD6RMJTiuKZ,SABOR FRESA
7chTH3GBjjAyagf0SPCZDL,0kvRpuJ0AHo3oHZ4gMzm9F,1TA5sGRlKUJXBN4ZyJuDIX,7ot6ebVthlYG3wXzLaZ5NF,SI SABE FERXXO
1S2WWT5jW9J3MauQ7r7qN4,0kvRpuJ0AHo3oHZ4gMzm9F,1TtXnWcUs0FCkaZDPGYHdf,7n9GeVtUUEc619yiyhT9AR,Lollipop - Remix
4MjDJD8cW7iVeWInc2Bdyj,0kvRpuJ0AHo3oHZ4gMzm9F,4q3ewBCX7sLwd24euuV69X,4FftCsAcXXD1nFO9RFUNFO,MONACO
2kz1YOhJiNubjigR1gB1VX,0kvRpuJ0AHo3oHZ4gMzm9F,1mcTU81TzQhprhouKaTkpq,6E7Awtyx6opYTbPXx6ApzB,DILUVIO
0QRHOAeU8JRaVVn3UoZBih,0kvRpuJ0AHo3oHZ4gMzm9F,0Q8NcsJwoCbZOHHW63su5S,0SoJvPHbKVhvmVJOp3kzp3,REINA
0oBtwScT4B4BR5kZitNWd5,0kvRpuJ0AHo3oHZ4gMzm9F,52iwsT98xCoGgiGntTiR7K,7ushCUbR1asPHeuxA5Dq8N,PUNTO G
3Cx4BsDd4q0GCVBJ5CAw2K,0kvRpuJ0AHo3oHZ4gMzm9F,1r3tpVQ08jFAA2P4xzV5o4,2ScGgvceSV8y2Cx4nPPjYP,No Te Quieren Conmigo
0LKu09Iq053CEUZ5ktQEWc,0kvRpuJ0AHo3oHZ4gMzm9F,1r4hJ1h58CWwUQe3MxPuau,7d2q5cmU01iy4lToXvQ1qB,Mojando Asientos (feat. Feid)
1Crj1zkRMpsEjb9NOR6Zof,0kvRpuJ0AHo3oHZ4gMzm9F,716NhGYqD1jl2wI1Qkgq36,6ScNKLKYY6rpgCIJThLnMH,"L-Gante: Bzrp Music Sessions, Vol.38"
7Bk0uXKk1uPT0XuQbpFzvs,0kvRpuJ0AHo3oHZ4gMzm9F,0n6sKrG0xKAf8xmdqeNGke,7g5WqPI4CdA22Cy8LxRXCf,Fiel
6HXvazdtAr9hy0kThzxrE3,0kvRpuJ0AHo3oHZ4gMzm9F,5iDqEobZRSTiBSAk6jLp4A,5QK2JiVGO67uLi0vqi9Wg6,Numero 1
11EnQRgRMJwMAesfkB5pnu,0kvRpuJ0AHo3oHZ4gMzm9F,6i3DxIlAqnDkwELLw4aVrx,4XiHCUNnGgnnN5xkGue4RF,Se Te Nota (with Guaynaa)
67jvGGbJmOmVonlyX3mNkV,0kvRpuJ0AHo3oHZ4gMzm9F,1i8SpTcr7yvPOmcqrbnVXY,69iuPQsXel3luOSDNF0q2Q,Caramelo - Remix
0CYTGMBYkwUxrj1MWDLrC5,0kvRpuJ0AHo3oHZ4gMzm9F,2LRoIwlKmHjgvigdNGBHNo,31L7J7AO993tSBxAunoeoa,CHORRITO PA LAS ANIMAS
4srcMdbm2qzVG98tJajHxp,0kvRpuJ0AHo3oHZ4gMzm9F,50sIhX3HytFEwQXZJLUZQE,1cGXuAtoUe4xzxRHhvxkyW,Pantysito
6ejks4eS7DOoYW8hrpRcDV,0kvRpuJ0AHo3oHZ4gMzm9F,790FomKkXshlbRYZFtlgla,1f2q2JQ3GFwIrWch2JLC0u,UNA NOCHE EN MEDELLÍN - REMIX
6lX6l7OuA3qrnIRfdsr0dw,0kvRpuJ0AHo3oHZ4gMzm9F,1TA5sGRlKUJXBN4ZyJuDIX,50SdnzlrXUMadt9JYeaJSh,Medallo
6ZOcbKub95XSDESsKKuH41,0kvRpuJ0AHo3oHZ4gMzm9F,1mcTU81TzQhprhouKaTkpq,3w1Tr9F91XMcsmBJQ8hS7H,Desesperados
5fhcuVxuBWfgNXGuyAtLmr,0kvRpuJ0AHo3oHZ4gMzm9F,4bw2Am3p9ji3mYsXNXtQcd,0SXW8l00nztnoYkGT7BjJh,Los Cachos
7iwJOi3hlMqZt6pj1sQOBj,0kvRpuJ0AHo3oHZ4gMzm9F,52iwsT98xCoGgiGntTiR7K,5ihYKNgcOMifCJmcGp7CkW,VISTA AL MAR
7iHHlCbsFou5DZSW5HCPfs,0kvRpuJ0AHo3oHZ4gMzm9F,2NfSBtmWe7oPw1EmetJVso,1XWOwAxb9awdotZSHQnAMH,Ella - Remix
66S2z95FN3nUAr9S1gUIsp,0kvRpuJ0AHo3oHZ4gMzm9F,2NfSBtmWe7oPw1EmetJVso,4u2A6aHOyCOyG6yiCFM7rU,Ella
49KEnOHpMoVth1vOOBbltY,0kvRpuJ0AHo3oHZ4gMzm9F,7wU2WGCJ8HxkekHHE2QLul,1sJZNDmkSG1pOgMydQipE1,Una Vaina Loca (feat. El Potro Alvarez)
6hf0RpxTbOprT5nnwzkk8e,0kvRpuJ0AHo3oHZ4gMzm9F,1vyhD5VmyZ7KMfW5gqLgo5,53ul5SFjVUQCotbJhjCkkK,Qué Más Pues?
39L3LdlHS3gqB62HPWaJRg,0kvRpuJ0AHo3oHZ4gMzm9F,4q3ewBCX7sLwd24euuV69X,4FftCsAcXXD1nFO9RFUNFO,NO ME QUIERO CASAR
26w9NTiE9NGjW1ZvIOd1So,0kvRpuJ0AHo3oHZ4gMzm9F,4q3ewBCX7sLwd24euuV69X,2d9BCZeAAhiZWPpbX9aPCW,BOOKER T
7rwX0O3RlxqqIjQM8evm5E,0kvRpuJ0AHo3oHZ4gMzm9F,1i8SpTcr7yvPOmcqrbnVXY,27Exjl2H0oI6X0WCzZd7Bk,Solita
1VauUM5CBX7nkLcgafQL2B,0kvRpuJ0AHo3oHZ4gMzm9F,716NhGYqD1jl2wI1Qkgq36,4b2xHCwmoOeGHbo15dtqfb,"Eladio Carrion: Bzrp Music Sessions, Vol. 40"
2ECIwi1a7mfokdDkkJ08Ne,0kvRpuJ0AHo3oHZ4gMzm9F,4m6ubhNsdwF4psNf3R8kwR,5EuK2rW0iPINmt21KPbIUQ,Loca - Remix
1V8XneTrX6kKeoxYbk4x6h,0kvRpuJ0AHo3oHZ4gMzm9F,4q3ewBCX7sLwd24euuV69X,5lJqux7orBlA1QzyiBGti1,Hablamos Mañana
34ZngZgo8xicbt1EE8Ob8Z,0kvRpuJ0AHo3oHZ4gMzm9F,2kqUKsTuEj1lPbm6BSn1AU,1faqBAWocW4ZOe0OFjudGw,Porno
30W8VKHrAZmHzObnwAoc1u,0kvRpuJ0AHo3oHZ4gMzm9F,0Q8NcsJwoCbZOHHW63su5S,0QLDQG7Jx78rEUDW03IhHC,TUS LÁGRIMAS
4r9jkMEnArtWGH2rL2FZl0,0kvRpuJ0AHo3oHZ4gMzm9F,4q3ewBCX7sLwd24euuV69X,5lJqux7orBlA1QzyiBGti1,A Tu Merced
3jbT1Y5MoPwEIpZndDDwVq,0kvRpuJ0AHo3oHZ4gMzm9F,0GM7qgcRCORpGnfcN2tCiB,7nqA49hzXJWPH4cnM8nk6x,Adicto (with Anuel AA & Ozuna)
4uziEsK1yiqdauKVDPsmVG,0kvRpuJ0AHo3oHZ4gMzm9F,1vyhD5VmyZ7KMfW5gqLgo5,54lqxBRUg66EYNyqKSKU5C,Rojo
5cBrOhKDyiJF9bPGUHKkG0,0kvRpuJ0AHo3oHZ4gMzm9F,0KPX4Ucy9dk82uj4GpKesn,5ka8beHlVQAFdRm6IaZ9JQ,+Linda
2lCkncy6bIB0LTMT7kvrD1,0kvRpuJ0AHo3oHZ4gMzm9F,1vyhD5VmyZ7KMfW5gqLgo5,2mX8ktJoWvyidWBU9U8Jis,Azul
7nD2JPaxIKUdxd2UWgnaGL,0kvRpuJ0AHo3oHZ4gMzm9F,2DspEsT7UXGKd2VaaedgG4,41Ji5KmFdqEGcLH8Yi7RVh,Toda - Remix
7anSoGdgtmJTAPZBzcPhO6,0kvRpuJ0AHo3oHZ4gMzm9F,0KPX4Ucy9dk82uj4GpKesn,6stPNzjz40FWTiwlOR98Lp,Cuaderno
2biG396b4oY4gHJJRtjUIo,0kvRpuJ0AHo3oHZ4gMzm9F,1vyhD5VmyZ7KMfW5gqLgo5,5Fqdd85mAoGDp0K9lmbPDp,Tranquila
0GmiGIxXDNrePrHBpijYDp,0kvRpuJ0AHo3oHZ4gMzm9F,3rqKgkODmiyDdimpz5D3y1,7v95vtyP4yh88N5fx5rYdB,Sigue Bailandome
6K5BsR04ijf3FHNzjbaagD,0kvRpuJ0AHo3oHZ4gMzm9F,7iK8PXO48WeuP03g8YR51W,75Y4sJ1vwZfEivbsKPzAx6,Si Se Da - Remix
4ojwGTehgBRAg52jbFgzJg,0kvRpuJ0AHo3oHZ4gMzm9F,2T1aUibqR2QC2sINIDQOAK,6KL1vHSZ0XfmL2NJF5iFE1,Me Reclama
5J7teKIJGtqVypgYI6sqXj,0kvRpuJ0AHo3oHZ4gMzm9F,4q3ewBCX7sLwd24euuV69X,5lJqux7orBlA1QzyiBGti1,Una Vez
4tQofG51E0juZBBVr6pral,0kvRpuJ0AHo3oHZ4gMzm9F,0Q8NcsJwoCbZOHHW63su5S,5r8T7S23cVDSd7a045h4N5,Tuyo
4kELKaXaNP4EQR8Q8xNIID,0kvRpuJ0AHo3oHZ4gMzm9F,2x7PC78TmgqpEIjaGAZ0Oz,5Db8gqfsfw0tcuACuLFzpR,FEEL ME??
4iaNmAvcZ6sPGvgZ6vQQdx,0kvRpuJ0AHo3oHZ4gMzm9F,52iwsT98xCoGgiGntTiR7K,5ccfQbQo3Z5G4p1Pi49jpD,Ahora y Siempre
0GVPemmAwkXhFlYimhdDr3,0kvRpuJ0AHo3oHZ4gMzm9F,7aqaIr9F3tHP7BMsmfAL8Z,1gH4rdxJyj8q8fakRAvQHg,30 GRADOS
6w8yBI2vthyN9UnwO4UBWb,0kvRpuJ0AHo3oHZ4gMzm9F,5Y3MV9DZ0d87NnVm56qSY1,4cEu5VC6QCq4NGYTNvwNCR,Entre Nosotros
1mVLbFwad1wce7mAhFw2Ih,0kvRpuJ0AHo3oHZ4gMzm9F,4IG1SDlwgNKzqTmjBrvY3K,0CzV3HI7g08eTofa53ewRP,Pininfarina - Remix
0NO2zL0kw8sGGnaMvHKAZF,0kvRpuJ0AHo3oHZ4gMzm9F,1Yj5Xey7kTwvZla8sqdsdE,262bymaji1sJPAldR7YyaH,Marisola - Remix
4foIsT0s9Ime0OPxTpl6N6,0kvRpuJ0AHo3oHZ4gMzm9F,7vXDAI8JwjW531ouMGbfcp,7LP6bUlMdnuqeP2etuw7wI,Ella Dice
1NMbORRsowjN8q000xlJ8l,0kvRpuJ0AHo3oHZ4gMzm9F,4kcQWQDK0u9AftVSpdrAgk,10O0BuUEtx9Rs3S9pgUBKd,QUE ME FALTE TODO
6jRZ33ifS5VOTMwmPxhPhN,0kvRpuJ0AHo3oHZ4gMzm9F,4kcQWQDK0u9AftVSpdrAgk,2Tuphpb4jfXRwFYTxGXCSs,Ya No Vuelvas (Versión Cuarteto)
5XVdHRf4CAJ2Jm0uMIy5qY,0kvRpuJ0AHo3oHZ4gMzm9F,3Me35AWHCGqW4sZ7bWWJt1,30KJEN3ICjhYsZ1NgunRCr,La Víctima
6CvTEtGagmzQvkUzzyKR9k,0kvRpuJ0AHo3oHZ4gMzm9F,0ys2OFYzWYB5hRDLCsBqxt,3zu0hJJew2qXZNlselIQk8,HARLEY QUINN
646hgiXWSjmGUwQmp4HiZz,0kvRpuJ0AHo3oHZ4gMzm9F,2LRoIwlKmHjgvigdNGBHNo,0lgs2Sa82lyX89nBUWyUy6,ESQUIRLA
4yaaJjSiZKDby86zsbFAd4,0kvRpuJ0AHo3oHZ4gMzm9F,2x7PC78TmgqpEIjaGAZ0Oz,5nzTg7XAPNrQlj9EQyBVgX,OHH BABY
3ylhgzhvSICQcyv0U3Ozwv,0kvRpuJ0AHo3oHZ4gMzm9F,5Y3MV9DZ0d87NnVm56qSY1,5KKcchRuyjfuLkecyRJcWx,Sex & Love
28iQz5gnZyqhUebzeOYCwH,0kvRpuJ0AHo3oHZ4gMzm9F,2x7PC78TmgqpEIjaGAZ0Oz,34zRh1AFk8bibU6vYfZ1kD,TRANKY FUNKY
4jn3R3KF5hx2fCiXlj89yE,0kvRpuJ0AHo3oHZ4gMzm9F,2qWK8K2Jfh67UqtwY8tCW6,4n6BNKtpmZOYUyfecMzzpZ,FLECHAZO EN EL CENTRO
4WDSPCfr60K0HI7YYhEHKu,0kvRpuJ0AHo3oHZ4gMzm9F,00XhexlJEXQstHimpZN910,3oqNx43mmo2oRt7nkIwJKK,Netflixxx
7COGuXyTr12KvdaYXMqheC,0kvRpuJ0AHo3oHZ4gMzm9F,7CSpCpNGTK9589bTi44SzE,5aPphlcyYDCyKddSFOWJpe,"No Me Conocen (Remix) [con DUKI, Rei & Tiago PZK]"
2tOwu9vUs0ofbIYm6CqS0i,0kvRpuJ0AHo3oHZ4gMzm9F,716NhGYqD1jl2wI1Qkgq36,352LsCq8zYNN4ox0rKeM6t,"Asan: Bzrp Music Sessions, Vol. 35"
6gMj2DzKR2PjrrbNSwcGFR,0kvRpuJ0AHo3oHZ4gMzm9F,2R21vXR83lH98kGeO99Y66,6YpCug9vNZz4uvlmlU7cet,OA
13XxxfnZmFEkU90QN8bOjz,0kvRpuJ0AHo3oHZ4gMzm9F,4puAp107dCehraE47QXVQX,5p1Ibt3enlZjqqQxvpRZsM,INTERESTELAR
2x4iEvdZuTYNbIVGXeOrlY,0kvRpuJ0AHo3oHZ4gMzm9F,6Nl4VXcX86fBMO4YE6oYfN,6nQnNie5sdURxPiMW9cp0Y,Volver A Empezar
48CHmh2VroEEF6knqEmYX8,0kvRpuJ0AHo3oHZ4gMzm9F,4m6ubhNsdwF4psNf3R8kwR,2ItWF0mUyOYDDPYkTgpiVz,Creo Que (feat. Asan)
54azU25VdlyMhiqHOOCZeL,0kvRpuJ0AHo3oHZ4gMzm9F,1bAftSH8umNcGZ0uyV7LMg,6anO6Uh11TivGpTI56aKCH,Amor Bipolar
4V1OOXmkNARPt9H7JIj5qO,0kvRpuJ0AHo3oHZ4gMzm9F,5JMJt80HJWR1e4hMw63Z5t,3AcVzsASKm4nlo7rLHgm3D,Contacto Cero
1dwiWawlwPw5G8TF4ik9ni,0kvRpuJ0AHo3oHZ4gMzm9F,5JMJt80HJWR1e4hMw63Z5t,74Ci28bLZ6dodLKbRnX4rt,Voy A Desaparecer
3GD6eImRvT0zgr8cQnokUq,0kvRpuJ0AHo3oHZ4gMzm9F,7fT2Me47PQ8T7954PKrcwR,6rkhVb5zrsbR24Rpno9kHq,"BESAME (feat. Tiago PZK, Khea & Neo Pistea) - Remix"
1thzPqoQxXhh6YHhANIFnj,0kvRpuJ0AHo3oHZ4gMzm9F,7fT2Me47PQ8T7954PKrcwR,7BgcHmgYP3sp0AAYLKyc0s,Bésame
0BoL0e5lLRCOEdOs55YcIF,0kvRpuJ0AHo3oHZ4gMzm9F,3qiQUUvazYmo7tBgQeb2rf,3nQGCvu3u3cK8wVMudIdeV,Blood - Remix
6Z28dALKtAgZ7AZRfjMQjY,0kvRpuJ0AHo3oHZ4gMzm9F,2OhUNb01gLwygOizYvTm0e,1adrM169dtUitpsQomXsX3,Mentiras | CROSSOVER #3
4zfQER4owi8q6NL8Gg63Ya,0kvRpuJ0AHo3oHZ4gMzm9F,0ys2OFYzWYB5hRDLCsBqxt,3zu0hJJew2qXZNlselIQk8,CRAZYZ
